fips,num_beds,num_icu,bed_util
1001,85,6,0.623113
1003,320,51,0.552649733
1005,74,5,0.43064
1007,35,4,0.376219
1009,25,6,0.499069
1011,61,5,0.212877
1013,72,7,0.183251
1015,448,24,0.4045205
1017,115,15,
1019,60,8,0.242532
1021,30,6,0.285458
1023,25,4,0.2347397
1025,85,10,0.2897845
1027,45,4,0.291126
1031,131,7,0.238052
1033,383,22,0.2588015
1035,58,8,0.293836
1039,187,13,0.3060065
1041,65,5,0.126027
1043,145,12,0.508172
1045,89,6,0.288241
1047,175,23,0.4046
1049,134,12,0.292219
1051,138,11,0.33092
1053,142,14,0.324099
1055,627,85,0.4914125
1057,61,8,0.261309
1059,125,11,0.353704
1061,83,6,0.165847
1063,20,4,0.067534
1065,39,5,0.256164
1069,655,66,0.694303
1071,170,10,0.152479
1073,3846,366,0.58348875
1077,263,36,0.557445
1079,98,6,0.167314
1081,314,20,0.525725
1083,71,10,0.518431
1089,1151,99,0.645774
1091,99,5,0.445242
1093,120,8,0.224596
1095,150,20,0.48187
1097,1687,123,0.72208425
1099,94,8,0.177691
1101,926,72,0.681218
1103,273,23,0.553836
1109,97,9,0.183957
1111,15,3,0.223892
1113,70,8,0.389333
1115,40,6,0.58637
1117,252,32,0.542414
1119,33,6,0.4533
1121,290,14,0.249093
1123,127,14,0.277729
1125,583,52,0.752195
1127,267,12,0.287486
1129,25,3,0.395982
1131,30,4,0.071233
1133,49,4,0.283031
2020,837,100,0.637771
2050,50,6,0.399919
2070,16,3,0.1512938
2090,152,13,0.395464
2110,73,9,0.365966
2122,77,11,0.406026333
2130,25,4,0.382466
2150,25,4,0.200114
2170,125,14,0.669271
2180,18,3,0.276408
2185,10,3,0.06625683
2188,17,3,0.2333602
2195,12,2,0.2682648
2220,25,4,0.37874
2261,24,4,0.221429
2275,8,1,0.275
4001,162,29,0.282451
4003,160,22,0.2619775
4005,362,58,0.357426
4007,50,8,0.4763235
4009,176,10,0.3044275
4012,42,6,0.26371245
4013,8999,1015,0.518186041
4015,610,80,0.4046625
4017,172,24,0.31469875
4019,2873,362,0.489808667
4021,262,39,0.279113116
4023,25,4,0.265973
4025,304,39,0.520935
4027,405,42,0.416216
5001,74,13,0.1398325
5003,33,6,0.384657
5005,268,17,0.514519
5007,306,34,0.531897667
5009,174,24,0.195868
5011,33,4,0.247671
5015,40,8,0.239379
5017,25,4,0.366247
5019,25,4,0.436712
5021,25,4,0.496548
5023,25,4,0.359781
5027,49,6,0.374247
5029,25,4,0.315178
5031,650,74,0.495103
5033,103,8,0.281955
5035,11,2,
5037,25,3,0.580822
5039,25,4,0.089415
5041,50,8,0.2570415
5043,49,5,0.404026
5045,261,25,0.3950055
5047,25,4,0.107945
5049,25,4,0.413479
5051,495,41,0.408905667
5055,129,8,0.285148
5057,79,8,0.127418
5059,72,6,0.395591
5061,20,6,0.268384
5063,235,12,0.436942
5065,25,4,0.184767
5069,471,34,0.432048
5071,90,8,0.215237
5075,25,4,0.302762
5081,25,4,0.108712
5083,41,7,0.1757135
5093,124,9,0.2339595
5103,98,8,0.165185
5107,155,6,0.095179
5113,65,6,0.284063
5115,170,11,0.428817
5119,2345,165,0.576614857
5121,50,2,0.165069
5123,118,6,0.243004
5125,177,16,0.382634
5127,24,4,0.134703
5131,828,69,0.5942815
5137,25,4,0.219178
5139,166,16,0.325525
5141,25,4,0.520657
5143,667,65,0.459265667
5145,438,13,0.653513
5149,76,9,0.374438
6001,2237,298,0.589837225
6005,52,6,0.470548
6007,385,47,0.655996667
6009,25,5,0.344219
6013,1623,172,0.539469571
6015,49,6,0.518019
6017,174,28,0.403261
6019,1697,416,0.493035481
6021,47,3,1
6023,260,27,0.484596
6025,268,28,0.417777
6027,29,5,0.242466
6029,1343,159,0.466025
6031,173,22,0.51439
6033,62,8,0.6569315
6035,25,4,0.356384
6037,19469,2107,0.545642961
6039,106,10,0.384337
6041,381,30,0.392793667
6043,18,3,0.709589
6045,142,14,0.615105
6047,226,24,0.4546865
6049,20,4,0.2302225
6051,17,2,0.268815
6053,678,47,0.54064675
6055,359,48,0.4854615
6057,137,10,0.536
6059,4973,638,0.45648845
6061,732,70,0.6108913
6063,35,8,0.265794333
6065,3363,377,0.509873769
6067,2729,333,0.623964875
6069,25,8,0.33447
6071,3610,596,0.488960044
6073,4839,595,0.592327733
6075,2594,397,0.4449212
6077,1114,110,0.497044714
6079,499,63,0.415271
6081,1502,133,0.335981857
6083,810,84,0.4107974
6085,3187,307,0.573085889
6087,356,27,0.415769
6089,518,87,0.33554225
6093,61,8,0.416877
6095,1144,103,0.491386775
6097,685,77,0.470341667
6099,1232,105,0.4147286
6101,14,2,0.225832
6103,92,11,0.553536
6105,25,4,0.23737
6107,830,84,0.34576675
6109,72,6,0.506882
6111,1292,162,0.515247429
6113,122,14,0.4755855
6115,221,24,0.707348
8001,1061,189,0.57569725
8003,49,6,0.377914
8005,993,128,0.688590333
8007,11,2,0.295641
8009,23,3,0.328219
8013,752,72,0.4840638
8014,40,4,0.286924
8015,25,2,0.410192
8017,25,2,0.056787
8021,17,3,0.172925
8029,49,6,0.273693
8031,2750,280,0.4752145
8035,596,69,0.514042333
8037,56,5,0.249071
8041,905,95,0.495259667
8043,25,4,0.595178
8045,103,8,0.6188995
8049,23,3,0.485453
8051,24,3,0.233425
8055,20,3,0.134075
8059,631,104,0.547427
8061,25,4,0.648767
8063,19,3,0.243836
8065,25,1,0.094863
8067,94,13,0.3255515
8069,590,51,0.4144166
8071,25,4,0.287014
8073,15,3,0.17242
8075,25,4,0.324055
8077,431,34,0.487096333
8081,25,4,0.353096
8083,25,4,0.384548
8085,75,8,0.366521
8087,75,10,0.154639
8089,25,5,0.490822
8095,40,7,0.5063195
8097,25,4,0.254575
8099,25,4,0.327342
8101,758,17,0.617097
8103,35,6,0.480219
8105,17,3,0.396938
8107,39,4,0.223814
8115,15,2,0.222831
8117,35,8,0.252538
8119,15,3,0.294612
8123,428,33,0.523677
8125,30,6,0.185702
9001,1612,173,0.618892333
9003,2486,331,0.536070714
9005,157,21,0.3883115
9007,300,40,0.552822
9009,1332,179,0.5394325
9011,419,25,0.634524
9013,152,16,0.3864135
9015,148,14,0.516631
10001,266,29,0.68772
10003,1301,93,0.51747
10005,477,52,0.536637333
11001,2950,271,0.693351333
12001,1510,222,0.823721
12003,25,4,0.120678
12005,546,77,0.625728
12007,49,4,0.445589
12009,1531,159,0.507463671
12011,5218,502,0.558070929
12013,25,3,0.500457
12015,715,51,0.515294
12017,332,40,0.556914
12019,423,36,0.67695865
12021,496,73,0.6004663
12023,190,27,0.481034
12027,49,8,0.174951
12031,2929,399,0.629064743
12033,1573,97,0.647299333
12035,99,18,0.904469
12037,25,4,0.052164
12039,949,4,0.197032
12045,19,3,0.2027397
12049,25,4,0.911562
12051,25,3,0.157808
12053,470,44,0.6305245
12055,273,38,0.4872615
12057,3761,417,0.5546677
12059,20,3,0.469178
12061,486,40,0.4798065
12063,100,7,0.517933
12069,805,109,0.684296
12071,1440,141,0.60814575
12073,1038,50,0.76266
12079,25,4,0.462685
12081,798,98,0.609257667
12083,681,110,0.7380405
12085,244,66,0.608303
12086,6969,695,0.511138644
12087,147,14,0.161603667
12089,62,9,0.592745
12091,412,51,0.573901
12093,100,8,0.474712
12095,2502,310,0.668340333
12097,564,66,0.633260133
12099,4158,404,0.559348231
12101,1204,139,0.5571356
12103,3167,242,0.5643552
12105,1736,145,0.4849774
12107,99,10,0.618818
12109,335,47,0.455007
12111,798,77,0.7404085
12113,255,20,0.447569333
12115,1406,118,0.46620425
12117,285,38,0.572196
12119,307,56,0.583473
12121,25,4,0.388055
12123,48,6,0.109817
12125,145,25,0.335123
12127,1419,256,0.6432946
12131,136,28,0.3605575
12133,59,4,0.585973
13001,49,3,0.210475
13005,25,4,0.517699
13009,140,12,0.275902
13013,56,6,0.188992
13015,119,21,0.757177
13017,75,5,0.218322
13019,63,9,0.042761
13021,1050,115,0.647634
13023,25,3,0.862466
13027,25,4,0.622027
13031,195,31,0.616477
13033,40,7,0.070479
13035,25,4,0.522082
13039,40,5,0.454863
13043,25,6,0.311014
13045,326,28,0.7470855
13047,179,6,0.107687
13051,1126,62,0.716364667
13057,126,20,1
13059,555,92,0.6806315
13063,331,34,0.485021
13065,25,3,0.467945
13067,1015,89,0.7397425
13069,88,10,0.527971
13071,168,16,0.79847
13075,33,6,0.088751
13077,204,23,0.63092255
13081,73,16,0.517471
13083,36,6,
13087,80,10,0.196952
13089,1326,180,0.559445425
13091,94,6,0.345548
13095,691,50,0.599089
13097,108,8,0.698066
13099,25,3,0.631737
13103,25,4,0.265644
13105,25,4,0.143309
13107,72,8,0.199391
13109,49,9,0.076377
13111,50,5,0.177479
13113,282,66,0.812888
13115,514,42,0.702119
13117,304,24,0.677308
13119,56,8,0.320646
13121,4099,510,0.684527875
13127,300,12,0.582365
13129,69,8,0.642644
13131,60,4,0.356164
13133,50,8,0.4689315
13135,634,70,0.704271
13137,53,4,0.300129
13139,657,85,0.801991
13143,25,3,0.823379
13151,215,33,0.740033
13153,276,36,0.5850705
13155,34,6,0.120467
13157,90,5,0.122798
13159,17,2,0.313242
13161,35,4,0.292384
13163,37,6,0.125065
13165,25,3,0.069589
13173,25,4,0.259836
13175,190,16,0.536136
13179,25,4,0.299726
13185,330,48,0.639516
13187,52,32,
13189,25,4,0.589918
13193,49,4,0.024284
13199,25,4,0.496219
13201,25,4,0.841973
13205,23,4,0.68789
13207,25,5,0.501479
13211,25,4,0.555178
13213,42,5,0.148795
13215,1059,61,0.526528333
13217,101,10,0.48601
13223,112,8,0.690705
13225,25,4,0.776877
13227,52,6,0.699104
13233,25,4,0.84537
13235,49,6,0.158007
13241,25,4,0.2376986
13243,25,4,0.147616
13245,2029,389,0.705792
13247,138,16,0.758069
13251,25,4,0.216658
13253,65,8,0.229894
13255,160,22,0.578202
13257,96,6,0.213328
13261,76,9,0.539625
13267,25,4,0.290301
13275,264,35,0.650394
13277,241,20,0.620586
13279,57,8,0.769494
13281,25,4,0.326356
13285,276,20,0.293042
13291,45,5,0.501651
13293,115,28,0.372288
13297,77,7,0.33111
13299,231,10,0.518708
13303,56,10,0.141047
13305,88,12,0.378674
13313,282,34,0.413465
13317,25,4,0.390356
13321,25,4,0.530082
15001,333,28,0.66522105
15003,1536,139,0.61445975
15007,111,10,0.5041055
15009,247,26,0.432083667
16001,976,90,0.505135333
16005,205,20,0.585182
16007,21,4,0.2473581
16009,19,3,0.191348
16011,33,6,0.660384
16013,25,4,0.302575
16017,25,4,0.450301
16019,420,74,0.4323615
16021,20,3,0.138767
16023,14,2,0.051272
16027,343,41,0.424137333
16029,25,4,0.122082
16031,25,6,0.337961
16035,23,4,0.259917
16039,25,4,0.4178734
16041,20,3,0.28863
16045,16,2,0.200422
16047,18,3,0.427569
16049,41,7,0.2641461
16053,25,4,0.235726
16055,364,61,0.407522
16057,25,3,0.492055
16059,18,3,0.193455
16065,69,4,0.289511
16067,25,3,0.387671
16069,145,9,0.348952
16071,11,2,0.326277
16077,10,2,0.166301
16079,25,4,0.18591
16081,13,2,0.1028451
16083,224,30,0.540714
16085,25,4,0.1516095
16087,25,3,0.132372
17001,307,25,0.539689
17005,42,6,0.317466
17011,94,9,0.323584
17019,603,39,0.5418945
17021,47,8,0.385584
17025,20,3,0.309863
17027,70,8,0.209085
17029,149,14,0.596091
17031,15290,1464,0.522577659
17033,63,4,0.359671
17037,123,16,0.378505
17039,25,3,0.081279
17043,1693,219,0.640483667
17045,25,4,0.595945
17049,133,10,0.287383
17051,110,4,0.346411
17053,41,2,0.401096
17055,16,3,0.092384
17057,87,5,0.448423
17061,25,4,0.114082
17063,89,8,0.42241
17065,25,4,0.349699
17067,18,3,0.323896
17069,25,4,0.284055
17073,86,7,0.26537
17075,25,5,0.152438
17077,179,25,0.5390615
17081,181,22,0.3888265
17083,65,4,0.152114
17085,25,3,0.254794
17089,1100,120,0.4952858
17091,500,27,0.4019585
17095,254,18,0.2932795
17097,948,108,0.5490994
17099,171,13,0.344658667
17101,25,4,0.218301
17103,80,6,0.325944
17105,42,5,0.40274
17107,25,4,0.429151
17109,60,7,0.310563
17111,370,55,0.4543775
17113,370,54,0.4590685
17115,424,35,0.4711945
17117,50,8,0.22126
17119,929,62,0.4614636
17121,149,13,0.375832
17125,25,4,0.127781
17127,25,4,0.404822
17131,22,4,0.127397
17135,50,9,0.3691505
17137,131,9,0.350411
17141,16,4,0.175504
17143,1176,107,0.583841667
17145,42,7,0.3686125
17147,16,3,0.307192
17149,35,4,0.112548
17157,171,29,0.328767
17159,134,8,0.267794
17161,472,27,0.3157335
17163,736,63,0.5095565
17165,102,11,0.3145955
17167,915,93,0.7103035
17169,22,4,0.167497
17173,30,5,0.126484
17177,100,8,0.373671
17179,132,12,0.213247
17181,47,4,0.256986
17183,198,16,0.2176455
17185,25,4,0.275507
17187,23,4,0.173913
17189,50,4,0.227273
17191,55,4,0.18389
17195,123,13,0.3671105
17197,923,97,0.54006
17199,212,26,0.48794
17201,927,99,0.546777
17203,25,4,0.132493
18001,25,4,0.610082
18003,1306,206,0.495047333
18005,225,17,0.395053
18009,15,4,0.405662
18011,68,8,0.291781
18017,44,5,0.284903
18019,153,22,0.603134
18021,25,4,0.078247
18023,25,5,0.167233
18027,42,5,0.270385
18029,86,8,0.338069
18031,25,4,0.443178
18033,37,8,0.423547
18035,320,36,0.679974
18037,111,26,0.32889
18039,322,35,0.502694
18043,246,18,0.4902865
18049,25,4,0.394192
18051,25,5,0.175343
18053,106,19,0.446188
18055,25,5,0.282082
18057,610,90,0.3459081
18059,73,26,0.368291
18061,25,4,0.524493
18063,260,28,0.513117
18065,48,10,0.454509
18067,220,21,0.4000295
18069,36,6,0.331126
18071,91,7,0.262984
18073,25,4,0.174027
18075,25,4,0.237516
18077,88,6,0.338636
18079,25,4,0.070685
18081,83,6,0.196435
18083,99,30,0.557548
18085,72,14,0.318075
18087,25,4,0.331726
18089,1524,181,0.485992111
18091,278,34,0.356376
18093,50,11,0.323233
18095,303,42,0.359008
18097,3396,439,0.606430778
18099,69,11,0.2158445
18103,25,4,0.331507
18105,286,24,0.4785425
18107,29,5,0.286349
18109,83,10,0.227562
18113,31,5,0.414582
18117,24,4,0.080936
18123,25,4,0.326356
18127,276,32,0.623679
18131,25,4,0.354192
18133,25,6,0.288548
18135,25,4,0.124932
18137,25,7,0.504219
18139,25,4,0.147178
18141,807,111,0.479873667
18143,25,4,0.318575
18145,46,6,0.591662
18149,15,1,0.22411
18151,25,2,0.446137
18153,25,4,0.26411
18157,373,30,0.612255
18159,25,4,0.313644
18163,765,127,0.5405305
18165,25,6,0.203726
18167,397,54,0.479418
18169,18,3,0.338072
18171,16,4,0.354966
18173,187,75,0.526190333
18175,25,4,0.054356
18177,163,30,0.630776
18179,62,7,0.18913
18181,25,4,0.24811
18183,30,5,0.393699
19001,25,4,0.044274
19003,22,4,0.072603
19005,25,5,0.26389
19007,45,3,0.151123
19009,25,4,0.072986
19011,25,4,0.1820274
19013,675,29,0.337730667
19015,42,4,0.374685
19017,50,7,0.2434605
19019,25,4,0.142904
19021,35,4,0.298521
19025,25,2,0.125699
19027,116,9,0.242512
19029,33,4,0.352548
19033,346,18,0.560976
19035,25,4,0.37337
19037,18,1,0.354452
19039,25,4,0.280329
19041,99,9,0.361868
19043,50,7,0.160877
19045,265,12,0.266995
19047,25,4,0.212164
19049,25,4,0.08526
19051,25,4,0.09863
19053,25,2,0.222665
19055,25,4,0.260931
19057,213,12,0.461946
19059,49,8,0.181569
19061,470,21,0.363132667
19063,25,4,0.221793
19065,50,8,0.134685
19067,25,4,0.308384
19069,25,4,0.156712
19071,25,4,0.108603
19073,25,4,0.187836
19075,80,4,0.097096
19077,25,4,0.167781
19079,25,4,0.327781
19081,25,4,0.281425
19083,35,3,0.3498
19085,25,4,0.165918
19087,74,4,0.180055
19089,19,3,0.187367
19091,49,3,0.2067687
19093,25,4,0.224877
19095,25,4,0.274959
19097,25,4,0.194411
19099,68,8,0.165069
19101,25,4,0.377425
19103,1383,76,0.5161765
19105,22,4,0.229016
19107,25,4,0.200657
19109,25,4,0.400913
19111,121,12,0.127367
19113,994,36,0.507487
19117,25,4,0.115397
19119,25,2,0.11131
19121,25,4,0.172712
19123,33,4,0.41874
19125,50,7,0.375288
19127,125,7,0.304823
19131,25,4,0.181479
19133,25,4,0.268384
19135,25,4,0.131507
19137,25,8,0.465205
19139,48,5,0.223135
19141,39,6,0.212773
19143,25,4,0.11463
19145,50,6,0.1961095
19147,47,4,0.193036
19149,25,4,0.22674
19151,25,4,0.129534
19153,1540,100,0.66156175
19155,514,29,0.469999
19157,49,5,0.234219
19159,16,3,0.180479
19161,25,4,0.08317808
19163,641,39,0.468534
19165,25,4,0.359671
19167,96,15,0.219814
19169,237,17,0.4344755
19175,25,4,0.375781
19177,25,4,0.089096
19179,217,11,0.222042
19183,25,4,0.290301
19185,25,4,0.274082
19187,200,8,0.678976
19191,25,4,0.363945
19193,830,34,0.650309
19197,47,8,0.2414795
20001,25,4,0.349918
20003,12,2,0.389726
20005,25,4,0.390137
20007,35,6,0.5427895
20009,81,11,0.337424667
20013,25,4,0.350904
20015,126,16,0.4086265
20019,25,3,0.09863
20021,61,8,0.1835387
20023,16,3,0.197603
20025,43,6,0.4644072
20027,25,3,0.631587
20029,25,4,0.213076
20031,25,4,0.183342
20033,12,2,0.208904
20035,74,4,0.3770935
20037,100,16,0.257493
20039,18,4,0.154338
20041,50,6,0.3714635
20045,148,10,0.456961
20047,12,2,0.44452
20051,194,34,0.370157
20053,20,3,0.274886
20055,100,8,0.413729
20057,99,10,0.18863
20059,44,5,0.23883
20061,92,6,0.160414
20063,21,4,0.236921
20065,20,3,0.200548
20067,26,5,0.241939
20071,18,3,0.260731
20073,25,4,0.294795
20075,25,4,0.231014
20077,12,4,0.463233
20079,103,6,0.333765
20081,13,2,0.178925
20083,50,4,0.579366
20085,12,2,0.321005
20087,25,4,0.084384
20089,25,4,0.760616
20091,1567,234,0.419113141
20093,25,4,0.219945
20095,25,4,0.184548
20097,15,3,0.4153425
20099,99,5,0.320136
20101,25,4,0.620712
20103,100,10,0.422437
20105,14,2,0.449315
20109,25,4,0.185425
20111,25,6,0.858186
20113,95,15,0.197210333
20115,25,5,0.2413695
20117,25,4,0.441453
20119,20,3,0.105343
20121,39,3,0.147641
20123,25,4,1
20125,47,7,0.227456
20127,25,4,0.147507
20129,28,5,0.087566
20131,49,7,0.2456585
20133,25,5,0.663636
20135,50,6,0.3089285
20137,25,4,0.127562
20141,25,4,0.158904
20143,25,4,0.512877
20145,25,4,0.2332503
20147,25,4,0.28
20149,50,7,0.2682125
20151,35,6,0.351311
20153,24,3,0.237991
20155,200,20,0.2316975
20157,25,4,0.644055
20159,25,4,0.499397
20161,163,10,0.321728
20163,20,3,0.3375
20165,25,3,1
20167,25,3,0.33113
20169,392,21,0.434241
20171,25,4,0.404603
20173,2598,188,0.465885686
20175,69,8,0.283774
20177,964,45,0.476462
20179,18,3,0.229224
20181,25,4,0.240277
20183,25,3,0.325514
20185,25,4,0.197041
20187,18,3,0.144349
20189,25,3,0.194359
20191,25,4,0.3164932
20193,25,1,0.475016
20195,25,4,0.428932
20201,50,8,0.530849
20203,25,4,0.645699
20205,40,7,0.301589
20209,1336,161,0.625792
21003,25,4,0.753315
21009,180,10,0.461771
21013,216,14,0.330429
21015,231,18,0.725647
21017,58,4,0.29863
21019,455,38,0.378831
21021,197,22,0.395794
21025,55,4,0.309701
21027,25,4,0.443945
21033,25,4,0.264657
21035,152,10,0.463097
21037,178,21,0.668238
21041,25,4,0.169425
21045,24,4,0.822831
21047,194,18,0.355094
21049,54,8,0.44962
21051,49,6,0.296338
21053,42,7,0.210743
21055,48,8,0.170091
21057,25,4,0.321096
21059,447,32,0.392666
21065,25,4,0.526137
21067,1565,280,0.632315575
21069,25,3,0.113593
21071,224,20,0.293594333
21073,173,10,0.574445
21081,25,3,0.105205
21083,107,8,0.450094
21085,75,6,0.318466
21087,35,4,0.788493
21089,190,12,0.575789
21093,285,10,0.501867
21095,150,7,0.426957
21097,61,6,0.175432
21099,25,4,0.312
21101,192,12,0.323148
21107,390,19,0.56151
21111,2270,522,0.68143665
21115,72,6,0.280479
21117,459,46,0.727047
21121,25,6,0.341918
21125,150,14,0.634944
21127,90,6,0.203836
21131,25,4,0.436712
21133,90,6,0.43032
21137,25,4,0.455233
21139,25,4,0.33052
21141,75,6,0.105352
21145,708,34,0.4061065
21151,130,12,0.457242
21155,75,6,0.099152
21157,25,4,0.321644
21161,100,5,0.16748
21167,25,4,0.324164
21171,49,9,0.263741
21173,42,4,0.409524
21175,25,4,0.076384
21177,90,6,0.273098
21179,40,4,0.447192
21183,25,4,0.376877
21185,90,8,0.213759
21193,358,32,0.66165
21195,453,85,0.544006
21199,283,38,0.458249
21203,26,4,0.502192
21205,149,14,0.444245
21207,25,2,0.323616
21209,75,6,0.204055
21211,70,4,0.096438
21213,25,4,0.74937
21217,90,8,0.285236
21221,25,4,0.401205
21225,25,4,0.462027
21227,548,32,0.5394655
21231,25,4,0.342685
21235,273,43,0.400972
21239,25,4,0.255014
22001,170,7,0.4254205
22003,109,7,0.165342
22005,103,43,0.204686515
22007,15,3,0.020091
22009,76,6,0.214128
22011,60,6,0.430976
22013,21,4,0.251924
22015,172,11,0.650641
22017,1570,111,0.52775758
22019,857,86,0.3943456
22021,87,13,0.1401415
22023,49,9,
22027,47,4,0.366309
22029,25,5,0.449425
22031,34,6,0.112409
22033,1914,170,0.424673429
22035,23,4,0.140203
22037,299,52,0.001413
22039,285,24,0.2127585
22041,37,6,0.236089
22045,126,11,0.394425
22049,25,4,0.126137
22051,1879,192,0.478553562
22053,49,5,0.50137
22055,1000,158,0.480439875
22057,240,21,0.352817667
22059,81,9,0.314685
22061,165,17,0.309048
22063,,0,
22065,25,5,0.113973
22067,49,6,0.228451
22069,96,8,0.248402
22071,1420,119,0.44922394
22073,921,94,0.3720038
22077,26,4,0.156055
22079,645,65,0.4969708
22081,25,4,0.463781
22083,63,6,0.2263315
22085,48,8,0.079623
22087,40,8,0.3859589
22089,59,8,0.213277
22091,25,4,0.170192
22093,25,4,0.329644
22097,197,22,0.351211
22099,25,4,0.534027
22101,186,15,0.244424
22103,828,245,0.316656143
22105,409,73,0.35207239
22109,507,31,0.292808333
22111,35,6,0.286598
22113,95,10,0.328081
22115,60,7,0.389803
22117,117,13,0.274373
22119,219,16,0.189988
22123,30,5,0.549406
22125,25,4,0.070027
22127,60,5,0.143153
23001,483,34,0.456554
23003,228,24,0.49887325
23005,921,54,0.546989
23007,70,5,0.385445
23009,114,14,0.410835667
23011,335,22,0.583886
23013,99,8,0.564959
23015,25,4,0.497837
23017,75,8,0.4228495
23019,573,59,0.436315
23021,48,8,0.5773155
23025,50,8,0.502247
23027,25,4,0.643945
23029,50,8,0.3547945
23031,229,14,0.5086525
24001,191,14,0.680301
24003,634,50,0.7356695
24005,1004,94,0.7107435
24009,73,4,0.746857
24013,161,12,0.748053
24015,75,5,0.55117
24017,99,10,0.717389
24021,269,18,0.718627
24023,26,2,0.599797
24025,243,19,0.72359
24027,225,48,0.661392
24029,12,6,0.372994
24031,1506,210,0.676271333
24033,661,78,0.720649
24037,93,12,0.67734
24041,97,16,0.612904
24043,237,17,0.72016
24045,266,24,0.604357
24047,40,6,0.597203
24510,3790,566,0.700626385
25001,354,21,0.694853
25003,323,24,0.5409645
25005,811,96,0.5714135
25007,25,4,0.57611
25009,838,98,0.567526
25011,89,6,0.541019
25013,1344,83,0.540425
25015,140,11,0.534664
25017,2068,206,0.561217091
25019,14,3,0.303821
25021,768,59,0.603866
25023,628,47,0.693277
25025,4277,503,0.709476182
25027,1532,190,0.566655444
26003,11,2,0.11208
26005,25,4,0.248219
26007,124,9,0.325728
26011,25,5,0.119562
26013,15,3,0.240753
26015,25,6,0.523186
26017,356,32,0.581874
26019,8,1,0.009932
26021,259,25,0.2583815
26023,71,10,0.359314
26025,256,32,0.5080625
26027,25,4,0.100274
26029,25,4,0.247452
26033,82,6,0.504892
26035,49,9,0.148225
26037,25,2,0.283069
26039,71,6,0.368857
26041,25,9,0.455342
26043,49,6,0.515279
26045,45,7,0.211753
26047,202,18,0.501663
26049,1125,120,0.695289333
26051,25,4,0.123288
26053,25,5,0.359233
26055,425,20,0.591453
26057,67,9,0.557898
26059,65,4,0.276588
26061,61,11,0.3000445
26063,98,11,0.161730333
26065,883,115,0.597231
26067,22,2,0.287547
26069,47,4,0.199242
26071,25,3,0.248877
26073,118,8,0.272256
26075,437,54,0.662987
26077,806,70,0.601158
26079,8,1,0.181332
26081,1335,150,0.628558
26087,183,10,0.352736
26091,113,13,0.170645
26093,107,25,0.50212
26095,25,4,0.192219
26097,15,3,0.39379
26099,1017,124,0.4880935
26101,45,8,0.200913
26103,204,30,0.327035
26105,45,6,0.398965
26107,49,4,0.345932
26111,308,26,0.495907
26115,217,14,0.35287
26117,148,18,0.21380925
26121,196,44,0.510508
26123,25,9,0.443945
26125,4009,415,0.509252583
26127,24,4,0.106964
26129,88,15,0.23759
26131,25,4,0.055123
26133,25,4,0.168438
26137,46,4,0.355926
26139,309,22,0.278411333
26145,570,99,0.634207
26147,375,23,0.333259
26149,144,13,0.160157
26151,65,11,0.136888667
26153,12,2,0.3879
26155,107,7,0.401678
26157,50,8,0.106609
26159,74,14,0.1110015
26161,1695,80,0.50379825
26163,5166,555,0.640731587
26165,49,20,0.489628
27001,25,4,0.382247
27003,546,35,0.709101
27005,87,8,0.443455
27007,118,10,0.539049
27011,40,7,0.1094615
27013,272,29,0.617554
27015,78,7,0.31992
27017,105,6,0.3225255
27019,109,18,0.504379
27021,5,1,0.012603
27023,30,4,0.228603
27025,61,10,0.446476
27029,48,8,0.0634115
27031,16,3,0.207363
27033,26,4,0.146423
27035,204,16,0.4228375
27037,244,23,0.441864
27041,127,8,0.296361
27043,43,4,0.355594
27047,159,18,0.251624
27049,83,12,0.409932
27051,10,2,0.171781
27053,5100,277,0.5699024
27057,50,4,0.457205
27059,86,12,0.37773
27061,104,12,0.214596667
27063,20,2,0.174168
27065,49,4,0.336329
27067,136,40,0.414375
27069,15,3,0.107215
27071,25,3,0.368217
27073,32,5,0.261164
27075,25,3,0.413527
27077,15,3,0.206575
27079,15,2,0.2
27081,44,7,0.0775195
27083,74,8,0.232877
27085,115,10,0.389043
27087,18,2,0.145205
27089,12,2,0.222146
27091,57,10,0.217235
27093,35,4,0.280877
27095,28,5,0.277593
27097,49,4,0.342795
27101,25,3,0.168356
27103,25,3,0.475745
27105,48,8,0.144121
27107,14,2,0.049119
27109,2120,250,0.461263
27111,133,9,0.2413595
27113,26,4,0.344219
27115,30,2,0.260578
27117,44,3,0.160122
27119,92,9,0.2215185
27121,34,3,0.465033
27123,1605,123,0.746037
27127,25,4,0.190718
27129,16,3,0.262842
27131,49,6,0.323031
27133,28,4,0.232219
27135,25,4,0.315178
27137,1121,97,0.3999335
27139,142,19,0.523532
27141,54,4,0.375924
27143,20,3,0.150171
27145,575,52,0.410744
27147,43,5,0.502031
27149,49,4,0.276164
27151,36,6,0.140624
27153,71,5,0.4845005
27155,25,3,0.099909
27157,25,2,0.25773
27159,124,15,0.261699
27161,35,3,0.456438
27163,183,31,0.5172005
27165,50,8,0.186575
27167,25,4,0.276822
27169,49,8,0.421035
27171,90,11,0.4170275
27173,55,8,0.184239
28001,159,15,0.312086
28003,200,24,0.516699
28005,25,3,0.544863
28007,25,4,0.342466
28011,164,8,0.193024
28013,25,4,0.491945
28017,84,7,0.130664
28019,25,3,0.4865753
28021,32,4,0.362765
28023,25,4,0.433425
28025,49,6,0.337042
28027,181,10,0.148879
28029,25,4,0.604055
28031,35,4,0.575781
28033,406,62,0.57539675
28035,542,45,0.719293
28037,25,4,0.671347
28039,48,6,0.193151
28041,7,1,0.519374
28043,156,9,0.368409
28045,102,6,0.190443
28047,773,57,0.473119667
28049,2313,174,0.58636175
28051,25,4,0.285808
28059,435,48,0.562252
28061,16,3,0.319589
28063,30,2,0.094521
28065,35,4,0.199014
28067,285,14,0.363279
28069,25,4,0.4043836
28071,217,24,0.536727
28073,211,17,0.477787
28075,698,60,0.3840518
28077,25,4,0.260822
28079,25,4,0.6296986
28081,650,42,0.581783
28083,208,9,0.297949
28085,99,5,0.189224
28087,315,18,0.381914
28089,67,7,0.175833
28091,49,6,0.374616
28093,40,5,0.203348
28095,130,13,0.3970035
28097,25,4,0.422795
28099,68,11,0.185393
28101,25,4,0.584986
28103,25,4,0.400548
28105,96,6,0.232055
28107,112,8,0.576271
28109,84,10,0.3949395
28111,22,4,0.187298
28113,191,19,0.2341955
28115,25,4,0.627069
28117,114,7,0.160731
28121,471,44,0.24659
28123,35,4,0.451836
28125,29,3,0.3031
28127,99,12,0.3057395
28129,29,3,0.000720981
28131,25,4,0.540932
28133,84,12,0.473744
28135,18,2,1
28139,25,4,0.423781
28141,48,8,0.265753
28145,153,8,0.26215
28147,25,4,0.198685
28149,361,22,0.324353
28151,227,22,0.41376
28153,80,6,0.543304
28155,38,7,0.535256
28159,41,2,0.239922
28161,26,5,0.600105
28163,25,4,0.457205
29001,93,10,0.458931
29005,18,3,0.341952
29007,70,7,0.289384
29009,43,7,0.2229405
29011,25,4,0.253333
29013,60,8,0.207161
29019,1012,143,0.5848426
29021,352,21,0.538597
29023,240,14,0.559714
29027,37,3,0.050533
29029,116,18,0.402575
29031,550,45,0.5060235
29033,25,4,0.220744
29037,106,9,0.3624395
29039,25,4,0.187507
29047,683,38,0.390271333
29049,58,5,0.578485
29051,268,25,0.4459445
29055,35,4,0.523397
29065,55,4,0.395288
29071,148,13,0.377434
29073,24,4,0.408105
29075,35,4,0.228822
29077,1512,195,0.7084095
29079,22,4,0.369863
29081,19,4,0.455969
29083,56,8,0.420417
29091,139,16,0.302568
29093,15,4,0.2663014
29095,2534,238,0.662059444
29097,25,4,0.55463
29099,321,28,0.402602
29101,62,8,0.429694
29105,58,4,0.356164
29107,32,2,0.292932
29109,53,4,0.196384
29113,25,4,0.35189
29115,25,4,0.123507
29117,25,4,0.587397
29121,25,4,0.437151
29123,144,4,0.213479
29127,99,8,0.479898
29145,628,91,0.539849333
29147,81,7,0.180451
29155,167,7,0.349399
29157,25,4,0.625205
29159,99,9,0.373963
29161,242,18,0.283243
29163,25,4,0.175233
29165,97,12,0.628562
29167,86,8,0.446839
29171,15,3,0.285114
29175,99,8,0.261622
29177,34,4,0.336877
29183,737,51,0.52222475
29185,12,2,0.063123
29186,47,4,0.417863
29187,133,11,0.1422775
29189,4550,469,0.5326467
29195,60,7,0.270711
29199,25,4,0.344877
29201,125,12,0.305953
29207,48,4,0.28339
29211,25,3,0.518292
29213,157,18,0.688637
29215,66,4,0.268551
29217,71,6,0.173471
29221,25,4,0.375123
29510,1430,192,0.617568333
30001,18,3,0.339269
30003,49,8,0.1979795
30005,6,1,0.008219178
30007,25,4,0.826082
30009,10,2,0.5479452
30011,25,4,0.632767
30013,549,24,0.440785
30015,50,5,0.4158905
30017,25,4,0.560548
30019,25,4,0.831233
30021,25,3,0.275068
30023,25,4,0.554301
30025,25,4,0.596931
30027,25,4,0.398213
30029,247,25,0.443241
30031,90,9,0.3382135
30033,25,1,0.006164
30035,46,8,0.130211
30039,25,4,0.831233
30041,49,6,0.166173
30047,47,9,0.366162
30049,123,8,0.552991
30051,25,4,0.845589
30053,25,4,0.271671
30055,25,4,0.5379
30057,15,4,0.280137
30059,25,4,0.693808
30061,25,4,0.655936
30063,404,32,0.5301335
30065,25,4,0.843288
30067,25,4,0.432548
30071,6,1,0.247945
30073,20,3,0.137123
30077,16,3,0.1964041
30079,22,4,0.945206
30081,25,5,0.585425
30083,25,4,0.50663
30085,67,13,0.346711
30087,25,1,0.3422466
30089,16,3,0.313699
30091,19,3,0.223792
30093,98,11,0.551457
30095,10,2,0.358356
30097,25,4,0.830904
30099,25,4,0.901808
30101,21,4,0.155382
30105,25,4,0.171397
30107,25,4,0.774575
30111,590,41,0.6270395
31001,170,10,0.385228
31003,23,4,0.115783
31011,25,4,0.387726
31013,25,4,0.333151
31015,15,3,0.042877
31017,23,4,0.136748
31019,267,34,0.4029705
31021,16,3,0.050171
31023,20,3,0.207123
31029,20,4,0.075479
31031,19,4,0.171616
31033,25,4,0.282624
31037,25,4,0.040219
31039,25,4,0.204493
31041,35,6,0.13039
31045,25,4,0.200877
31047,57,9,0.211315
31053,75,9,0.405918
31055,2260,227,0.525214938
31057,14,2,0.124853
31059,20,3,0.211781
31061,14,2,0.045401
31065,20,3,0.26411
31067,25,3,0.404274
31069,10,2,0.073425
31079,157,16,0.406086
31081,12,2,0.292759
31083,19,3,0.112473
31089,42,7,0.250943
31093,10,3,0.151027
31095,17,3,0.160838
31097,18,3,0.196195
31099,10,2,0.203562
31101,18,3,0.119787
31105,15,3,0.227032
31107,23,4,0.119357
31109,716,81,0.381062
31111,116,19,0.502023
31119,131,24,0.385578
31121,20,3,0.163836
31123,20,3,0.102055
31125,19,3,0.083057
31127,16,3,0.128425
31129,25,4,0.183781
31131,28,5,0.1331445
31133,11,3,0.11942
31135,20,3,0.233014
31137,25,4,0.385534
31139,35,6,0.1873285
31141,47,5,0.34608
31143,16,3,0.067637
31145,25,4,0.374466
31147,24,4,0.316667
31149,24,4,0.089954
31151,43,7,0.0978645
31153,212,13,0.40994345
31155,16,3,0.131336
31157,166,22,0.448641
31159,24,4,0.330251
31161,25,4,0.161425
31169,17,3,0.187311
31173,34,6,0.203412
31175,16,3,0.327397
31177,21,4,0.086758
31179,21,4,0.194781
31181,13,2,0.081349
31185,38,6,0.2137155
32001,40,4,0.496767
32003,4978,588,0.619347444
32005,23,4,0.504586
32007,75,7,0.199257
32013,53,3,0.308164
32015,25,2,0.222466
32017,20,1,0.506849
32019,63,2,0.164384
32021,35,2,0.620922
32023,25,4,0.388055
32027,38,2,0.104742
32031,1392,291,0.4798728
32033,25,4,0.184
32510,226,27,0.5167405
33001,137,10,0.630742
33003,50,8,0.474247
33005,169,27,0.584932
33007,66,10,0.352173667
33009,506,64,0.5664748
33011,1047,66,0.5747102
33013,345,26,0.601775667
33015,406,43,0.684203333
33017,290,17,0.5997995
33019,25,4,0.372932
34001,447,54,0.5493135
34003,2754,112,0.647653317
34005,641,82,0.632884333
34007,1558,166,0.641776825
34009,242,16,0.43295
34011,335,24,0.675929
34013,3146,215,0.648251857
34015,311,46,0.43785
34017,1590,89,0.509913667
34019,184,12,0.568511
34021,955,83,0.70395175
34023,2370,188,0.6604584
34025,2095,128,0.5909448
34027,1231,97,0.613020333
34029,1306,106,0.56251675
34031,920,53,0.651362
34033,222,19,0.282618
34035,311,28,0.571394
34037,148,10,0.71393
34039,1162,76,0.575955667
34041,309,20,0.540751
35001,1509,166,0.5855548
35005,189,24,0.4251675
35006,31,5,0.148621
35007,25,4,0.240767
35009,100,8,0.283148
35013,367,51,0.5881575
35015,148,18,0.242555
35017,68,6,0.333219
35019,10,2,0.16
35025,86,12,0.1546035
35027,25,4,0.400548
35028,47,6,0.131507
35029,25,6,0.46389
35031,191,26,0.37604775
35035,106,11,0.303014
35037,25,4,0.093151
35039,70,8,0.40615
35041,24,4,0.129589
35043,60,11,0.5457078
35045,254,21,0.4175035
35047,54,8,0.195354
35049,240,25,0.372717
35051,25,2,0.369365
35053,24,4,0.169064
35055,25,6,0.494904
35059,25,4,0.085808
36001,1355,114,0.591524333
36003,55,9,0.338697
36005,2440,241,0.704134
36007,462,47,0.64005925
36009,186,46,0.421495
36011,99,15,0.554424
36013,356,27,0.317609
36015,391,24,0.698409
36017,58,7,0.17265
36019,300,21,0.439662
36021,192,9,0.65912
36023,162,12,0.305316
36025,63,10,0.35201
36027,692,59,0.620621333
36029,2095,233,0.643468714
36031,25,4,0.494575
36033,171,13,0.2716985
36035,74,8,0.363344
36037,111,10,0.373365
36043,25,4,0.610849
36045,330,18,0.468668333
36047,5504,280,0.723626154
36049,31,6,0.465315
36051,67,12,0.307708
36053,126,10,0.397739
36055,2025,196,0.91822125
36057,120,8,0.620712
36059,4758,334,0.7025333
36061,7519,845,0.702397015
36063,482,32,0.523984667
36065,701,37,0.589986333
36067,1336,144,0.706133667
36069,384,27,0.447926
36071,807,76,0.53702825
36073,39,4,0.302027
36075,132,8,0.266687
36077,233,26,0.5468095
36079,164,10,0.429521
36081,2307,106,0.753229333
36083,292,30,0.7204365
36085,920,72,0.7744095
36087,807,50,0.6598225
36089,279,27,0.5144184
36091,171,30,0.807803
36093,483,39,0.665784
36095,25,7,0.270993
36097,25,4,0.396493
36101,115,14,0.412850667
36103,3120,256,0.72716
36105,169,18,0.3499315
36109,212,16,0.43833
36111,325,28,0.602716667
36113,391,24,0.367594
36117,120,8,0.499471
36119,2603,200,0.6600744
36121,62,5,0.308219
36123,35,4,0.233096
37001,238,20,0.531896
37005,41,4,0.148493
37007,15,3,0.136986
37009,76,4,0.500055
37011,50,4,0.201174
37013,142,8,0.468912
37015,6,1,0.636073
37017,58,4,0.393096
37019,99,23,0.47072
37021,815,146,0.787762
37023,315,16,0.484229
37025,457,15,0.645687
37027,110,12,0.487248
37031,135,8,0.704331
37035,613,52,0.3895795
37037,25,4,0.49074
37039,57,5,0.658411
37041,49,4,0.567781
37045,375,57,0.383516
37047,154,27,0.301477
37049,350,72,0.599847
37051,634,48,0.798871
37055,21,4,0.293281
37057,240,29,0.4287585
37059,50,9,
37061,81,9,0.443053
37063,1416,169,0.642937667
37065,117,15,0.381392
37067,1902,205,0.615215333
37071,435,57,0.734847
37077,1042,164,0.4550554
37081,1234,112,0.6492435
37083,204,16,0.499069
37085,232,32,0.304926
37087,154,12,0.37925
37089,325,27,0.5068035
37091,114,10,0.511311
37093,49,11,0.199866
37097,514,36,0.405341333
37099,86,9,0.422185
37101,199,24,0.522538
37105,137,8,0.306332
37107,261,190,0.448511
37109,101,10,0.511434
37111,65,9,0.437365
37113,83,9,0.454189
37117,49,6,0.252819
37119,2517,176,0.724421843
37121,46,4,0.476603
37123,37,2,0.493836
37125,402,56,0.663971
37127,345,21,0.437769
37129,861,45,0.662293
37133,162,14,0.485388
37135,1006,47,0.842581
37139,182,10,0.58883
37141,86,4,0.34389
37145,98,6,0.244557
37147,1040,83,0.631948
37149,35,6,0.491178
37151,145,12,0.257175
37155,452,25,0.709043
37157,229,9,0.25411
37159,268,20,0.696766
37161,143,18,0.249216
37163,146,8,0.373413
37165,104,8,0.510832
37167,109,10,0.320717
37169,99,4,0.275726
37171,226,24,0.371868
37173,68,8,0.2802735
37175,92,4,0.612712
37179,182,14,0.506895
37181,184,20,0.517025
37183,1963,175,0.7289455
37187,49,4,0.091616
37189,117,10,0.379207
37191,316,16,0.493665
37193,130,8,0.330387
37195,294,14,0.257088
38001,25,4,0.270685
38003,25,4,0.32274
38009,25,4,0.601644
38011,23,4,0.134842
38015,510,52,0.554942
38017,787,161,0.6958185
38019,20,3,0.081096
38021,20,3,0.220274
38023,15,3,0.292968
38029,14,2,0.103327
38031,25,4,0.133041
38035,349,36,0.4168045
38037,25,5,0.831324
38039,18,3,0.114764
38051,44,7,0.1236645
38053,24,4,0.071804
38055,47,8,0.665427
38057,13,2,0.302424
38061,11,2,0.148942
38063,19,3,0.105984
38067,20,3,0.10726
38069,25,4,0.294137
38071,25,4,0.346521
38073,25,4,0.388164
38079,52,9,0.2491015
38085,12,2,0.042237
38089,25,4,0.494247
38093,25,6,0.308274
38095,20,3,0.1838356
38097,41,7,0.2039005
38099,28,4,0.393542
38101,190,23,0.6084895
38103,25,4,0.214466
38105,50,8,0.299781
39001,25,4,0.543014
39003,790,40,0.35905725
39005,123,6,0.528767
39007,413,39,0.516079
39009,64,11,0.118322
39011,131,6,0.387443
39013,25,4,0.226411
39017,694,56,0.5447195
39021,25,4,0.323836
39023,254,42,0.3826295
39025,160,16,0.523592
39027,179,8,0.350137
39029,331,20,0.411703
39031,56,7,0.315607
39033,75,9,0.3983015
39035,6503,659,0.567519553
39037,104,6,0.273562
39039,104,16,0.293538
39041,64,6,0.234461
39043,287,18,0.544307
39045,255,22,0.3496622
39047,25,5,0.393753
39049,3915,463,0.606157625
39051,117,7,0.275288
39053,287,14,0.251653
39055,124,12,0.550331
39057,206,20,0.53258105
39059,189,11,0.324536
39061,3409,268,0.609030463
39063,201,29,0.2917965
39065,25,4,0.146959
39067,25,4,0.097644
39069,31,5,0.286027
39071,70,8,0.3900825
39073,25,4,0.410521
39075,69,4,0.257735
39077,139,12,0.3150895
39079,25,6,0.311644
39081,256,20,0.4825923
39083,111,12,0.499304
39085,135,27,0.49755
39087,8,1,0.025685
39089,227,13,0.327616
39091,115,7,0.25346
39093,695,58,0.53401825
39095,3147,243,0.54195975
39097,94,13,0.246454
39099,980,66,0.5816215
39101,174,15,0.355377
39103,191,15,0.407495
39107,88,5,0.363927
39109,182,42,0.409117
39113,1807,194,0.60179575
39117,25,3,0.167123
39119,321,24,0.49933
39123,25,4,0.121425
39125,25,4,0.183452
39129,83,8,0.246273
39131,25,4,0.288329
39133,302,16,0.391637
39139,409,41,0.463291333
39141,261,12,0.560542
39143,245,18,0.1506995
39145,446,18,0.353436065
39147,120,5,0.345145
39149,90,7,0.281967
39151,1463,119,0.491215
39153,1829,160,0.54748148
39155,565,42,0.595845
39157,174,14,0.175730325
39159,97,7,0.2369406
39161,109,5,0.1152931
39165,324,16,0.376605
39167,243,15,0.48269835
39169,184,18,0.34822885
39171,123,11,0.3064474
39173,149,18,0.1977391
39175,31,4,0.4371005
40001,67,5,0.4945205
40005,25,4,0.2998356
40007,24,4,0.07522831
40009,62,6,0.5002418
40011,42,7,0.104270775
40013,148,8,0.3170255
40015,42,7,0.5966575
40017,75,8,0.5006227
40019,212,17,0.3384131
40021,150,23,0.45418335
40023,34,6,0.3129734
40025,25,4,0.102137
40027,440,56,0.41044335
40029,20,3,0.2128767
40031,520,35,0.365550967
40035,55,6,0.2325636
40037,95,18,0.428468933
40039,80,8,0.17991475
40041,58,6,0.2623051
40043,18,3,0.2429224
40045,23,4,0.0870137
40047,412,30,0.3428615
40049,26,5,0.6953635
40051,75,9,0.1931227
40055,18,3,0.2487062
40057,25,4,0.1896423
40059,25,3,0.1651141
40063,25,4,0.2964384
40065,49,6,0.4856025
40067,18,4,0.1118904
40069,25,4,0.1804931
40071,189,16,0.28171835
40073,25,4,0.2173151
40075,38,7,0.1666907
40077,43,8,0.205798
40079,43,4,0.4143239
40081,50,8,0.43435615
40083,25,4,0.2465753
40085,25,4,0.3515616
40087,39,7,0.1165437
40089,25,6,0.09516688
40093,25,4,0.0889863
40095,25,4,0.2166993
40097,48,4,0.1358448
40099,25,4,0.6558904
40101,320,24,0.392872
40103,26,5,0.1600225
40105,25,4,0.202491
40107,24,4,0.05490411
40109,4057,395,0.509194163
40111,107,14,0.2261197
40113,40,7,0.3413516
40115,20,9,0.1467794
40117,14,2,0.4518591
40119,216,11,0.20109325
40121,149,15,0.2834797
40123,216,25,0.3167808
40125,96,14,0.4244796
40127,23,7,0.2536856
40129,15,3,0.158356
40131,127,14,0.254168
40133,32,6,0.1797089
40135,41,7,0.157434
40137,110,9,0.436827
40139,33,8,0.1561702
40143,4179,319,0.459282508
40145,100,6,0.3554794
40147,140,14,0.4253154
40149,14,2,0.1943249
40151,25,4,0.205779
40153,87,6,0.2193151
41001,36,2,0.2870189
41003,188,12,0.5373679
41005,699,70,0.55194655
41007,83,8,0.44927985
41011,218,18,0.409068833
41013,16,3,0.4645548
41015,24,3,0.310788
41017,304,36,0.58065455
41019,190,35,0.40238255
41023,25,2,0.4003914
41025,25,2,0.2449892
41027,25,4,0.4324383
41029,595,34,0.527749067
41031,25,4,0.2843836
41033,125,12,0.5561644
41035,176,18,0.4484801
41037,24,4,0.2988584
41039,599,84,0.5614727
41041,50,8,0.37939725
41043,128,15,0.4686796
41045,49,8,0.3016812
41047,543,68,0.4917064
41049,21,4,0.2881931
41051,2569,234,0.668700283
41053,25,3,0.2396347
41057,49,4,0.4831781
41059,114,11,0.45364395
41061,25,4,0.4492055
41063,25,4,0.2852889
41065,49,17,0.3728576
41067,839,69,0.428357833
41071,128,11,0.556226
42001,76,8,0.5817592
42003,5749,561,0.58192892
42005,147,12,0.3077695
42007,285,20,0.5980794
42009,40,4,0.2756469
42011,933,74,0.5090347
42013,438,42,0.363334833
42015,314,46,0.560371667
42017,1027,183,0.5016689
42019,296,35,0.5574881
42021,498,19,0.3770335
42025,159,6,0.5073731
42027,260,43,0.4932832
42029,928,104,0.53247178
42031,70,7,0.2687815
42033,266,22,0.451819
42035,63,11,0.1433601
42037,166,22,0.132108275
42039,283,16,0.4721587
42041,577,49,0.59280715
42043,1175,97,0.84647845
42045,1014,85,0.54860655
42047,35,4,0.5888219
42049,981,71,0.493965075
42051,224,26,0.4382312
42055,342,20,0.35507585
42057,21,4,0.3375081
42059,23,4,0.3529482
42061,71,7,0.2947368
42063,166,12,0.4029237
42065,84,9,0.39582565
42069,692,53,0.5716893
42071,921,73,0.5310189
42073,153,12,0.5181198
42075,159,18,0.5394804
42077,1286,175,0.57450005
42079,828,67,0.561841667
42081,300,35,0.456920533
42083,138,10,0.2383093
42085,433,28,0.221320885
42087,123,10,0.3046626
42089,339,32,0.6071274
42091,2458,287,0.517438855
42093,559,68,0.7374173
42095,906,54,0.5151682
42101,5207,440,0.609629307
42105,49,4,0.5352329
42107,364,58,0.596903733
42111,185,23,0.203556933
42115,50,8,0.3030685
42117,25,6,0.6147945
42119,132,12,0.3728255
42121,158,8,0.4332037
42123,85,6,0.3377276
42125,578,55,0.3518986
42127,95,8,0.3645999
42129,578,71,0.6617962
42131,44,6,0.0609589
42133,877,93,0.50378094
44003,359,15,0.5112939
44005,129,10,0.416116
44007,1879,298,0.570917767
44009,225,17,0.50718175
45001,25,6,0.3270137
45003,273,35,0.6338172
45005,25,4,0.171507
45007,461,25,0.5912284
45013,306,24,0.58688975
45015,50,32,
45019,1782,221,0.527233433
45021,125,12,0.3608282
45023,82,6,0.2139441
45025,59,6,0.4782916
45027,81,6,0.4093035
45029,135,8,0.3728176
45031,188,18,0.41984335
45033,79,6,0.2733638
45037,25,4,0.5350137
45041,875,123,0.461957867
45043,255,18,0.43984865
45045,1306,112,0.48384914
45047,358,20,0.4722437
45049,32,6,0.2130137
45051,681,101,0.608193033
45053,41,4,0.6038089
45055,119,10,0.3835839
45057,211,20,0.2807624
45059,76,9,0.4477859
45063,508,39,0.7584454
45067,124,10,0.2072002
45071,90,7,0.3689498
45073,169,21,0.4517404
45075,286,20,0.4913824
45077,164,20,0.2574833
45079,1472,138,0.55755135
45083,795,41,0.6013552
45085,283,17,0.6983134
45087,85,6,0.1353089
45089,25,4,0.4020822
45091,288,24,0.6635555
46005,25,6,0.5525479
46007,14,2,0.223092
46009,45,8,0.13068498
46011,49,9,0.2229802
46013,157,14,0.44163755
46015,25,4,0.190137
46023,37,6,0.1464182
46027,25,4,0.2464658
46029,81,8,0.2677828
46033,11,2,0.328269
46035,50,8,0.3372603
46037,25,3,0.126027
46039,10,2,0.300274
46043,11,2,0.201245
46045,12,2,0.2025114
46047,25,4,0.2796712
46049,12,2,0.246119
46051,25,4,0.1521096
46053,41,7,0.2350411
46055,18,3,0.625875
46059,11,4,0.1145205
46065,50,6,0.2294247
46067,50,8,0.1801643
46073,16,3,0.1113014
46077,6,1,0.1063927
46079,22,4,0.4343711
46081,62,5,0.3697108
46083,64,11,0.3735097
46089,4,1,0.208696
46091,20,3,0.113973
46093,25,3,0.5430137
46099,1115,97,0.435795325
46101,18,3,0.07549467
46102,45,8,0.2553408
46103,449,108,0.350002
46107,6,2,0.280548
46109,25,4,0.1881644
46115,25,4,0.1756998
46121,35,6,0.1026223
46123,25,4,0.304
46125,12,2,0.131964
46127,38,7,0.2263879
46129,25,4,0.2642192
46135,109,12,0.222196335
46137,8,1,0.2839041
47001,301,25,0.6043245
47003,60,8,0.2070361
47005,25,4,0.1419178
47007,25,4,0.224219
47009,304,8,0.6919299
47011,251,27,0.5717044
47013,120,10,0.278719765
47015,60,5,0.2189041
47017,70,7,0.2439009
47019,121,8,0.295262
47021,12,2,0.4812785
47025,85,5,0.2945073
47029,74,5,0.5338185
47031,160,22,0.3307634
47035,189,12,0.6857572
47037,3624,537,0.643601022
47039,40,7,0.05568493
47041,71,4,0.07507903
47043,157,6,0.595293
47045,225,14,0.3978167
47051,152,10,0.2257705
47053,70,3,0.1094725
47055,95,6,0.1972941
47059,240,17,0.2597669
47063,167,20,0.6019367
47065,1299,181,0.719767767
47067,10,2,0.1865753
47069,51,4,0.05518717
47071,58,9,0.2283478
47073,50,6,0.2518836
47077,45,6,0.0783866
47079,142,11,0.4044521
47081,25,4,0.06827397
47083,25,4,0.1572222
47085,25,4,0.24811
47089,58,6,0.284034
47091,2,1,0.0890411
47093,1513,186,0.705961075
47097,25,4,0.1917808
47099,99,6,0.1895336
47103,59,6,0.1748393
47105,50,5,0.8761644
47107,118,4,0.3805857
47111,25,4,0.4223562
47113,787,89,0.4528123
47117,25,4,0.07408219
47119,255,41,0.5356172
47123,59,10,0.4279081
47125,270,21,0.4094134
47131,173,11,0.2754077
47133,114,6,0.1996651
47135,53,4,0.215786
47141,247,38,0.708005
47143,25,3,0.3166027
47145,54,6,0.5350896
47147,109,8,0.2319467
47149,491,81,0.407112842
47151,25,4,0.1796164
47155,79,16,0.667879
47157,2912,251,0.550927992
47159,25,2,0.3504657
47163,1056,92,0.583327267
47165,265,38,0.5404034
47167,100,8,0.1302827
47169,25,4,0.1444384
47171,48,3,0.3821918
47177,125,8,0.1228767
47179,581,76,0.6412369
47181,80,5,0.2496804
47183,100,7,0.1902732
47185,60,4,0.1171233
47187,185,28,0.4651314
47189,170,12,0.2437712
48001,156,10,0.4273736
48003,34,5,0.1448402
48005,415,39,0.5220297
48013,67,6,0.2020446
48015,30,6,0.0724315
48017,25,4,0.098192
48021,8,1,0.1931507
48023,25,5,0.1881279
48025,69,8,0.3326712
48027,827,90,0.486889967
48029,3562,597,0.473102433
48035,25,4,0.3361096
48037,681,66,0.42229675
48039,227,18,0.455948733
48041,563,83,0.402907355
48043,25,3,0.3139726
48049,188,12,0.3462729
48051,25,3,0.3592694
48053,71,12,0.3647993
48055,24,4,0.3054199
48057,25,6,0.3810411
48061,1144,96,0.525838775
48063,25,4,0.3284364
48069,17,3,0.1642224
48071,14,2,0.0667319
48073,97,10,0.3505657
48075,39,7,0.1706358
48077,25,4,0.059836
48079,18,3,0.005783866
48083,25,4,0.316274
48085,2158,264,0.574333175
48087,13,2,0.1899543
48089,65,11,0.1411774
48091,128,16,0.387989
48093,25,4,0.292274
48095,16,3,0.068664
48097,78,8,0.46856935
48099,25,4,0.306959
48103,25,4,0.073863
48107,25,4,0.0729863
48109,14,2,0.204305
48113,6460,654,0.505663592
48115,21,4,0.1392279
48117,42,5,0.1214612
48121,1093,133,0.48160865
48123,49,8,0.2014944
48127,25,4,0.206
48133,52,6,0.2473364
48135,638,34,0.530385867
48139,189,18,0.3882099
48141,1802,207,0.439484154
48143,98,5,0.2613769
48145,36,6,0.09185693
48147,19,2,0.4968767
48149,65,7,0.2657534
48151,14,2,0.1133072
48153,25,4,0.1641644
48157,799,98,0.47628452
48161,37,6,0.1152906
48163,22,4,0.1945205
48165,33,4,0.372603
48167,561,26,0.6647916
48171,84,10,0.3318914
48177,33,6,0.1644641
48179,109,8,0.1303771
48181,559,64,0.432984133
48183,649,57,0.50214185
48185,25,3,0.3258752
48187,153,9,0.2916989
48189,68,5,0.3076321
48193,25,7,0.1955935
48195,14,2,0.1761252
48197,24,4,0.113356
48199,,0,
48201,12091,1248,0.503314278
48203,149,42,0.5395616
48205,21,4,0.2386171
48207,25,4,0.096
48209,371,79,0.295669747
48211,26,3,0.08511416
48213,127,10,0.357394
48215,1336,249,0.470082083
48217,25,4,0.1018313
48219,48,8,0.120605
48221,73,12,0.6253425
48223,96,14,0.433953
48225,25,4,0.059565
48227,146,8,0.283105
48231,167,16,0.5702448
48233,25,4,0.2416438
48237,17,3,0.2001612
48239,25,4,0.115836
48241,59,6,0.1191781
48245,1029,130,0.3796335
48249,135,8,0.2874429
48251,137,7,0.2698002
48253,45,1,0.718591
48255,25,4,0.1596712
48257,91,8,0.1585127
48265,124,12,0.3464775
48267,15,3,0.09479452
48273,96,10,0.5354521
48275,25,5,0.04
48277,154,20,0.2391423
48279,75,7,0.1030659
48281,25,4,0.3123288
48285,48,7,0.2441644
48291,41,8,0.0733495
48293,78,9,0.18592676
48299,27,4,0.05161644
48303,1621,304,0.45320542
48305,24,4,0.20789
48307,25,6,0.221331
48309,473,42,0.69726115
48313,25,3,0.5937899
48317,18,3,0.246271
48321,75,9,0.1980609
48323,101,10,0.4481364
48325,25,4,0.3345754
48329,474,40,0.5771424
48335,25,4,0.3260274
48337,71,9,0.23204165
48339,1308,189,0.397200226
48341,25,3,0.4539293
48347,371,27,0.2824886
48349,162,9,0.3223931
48353,86,5,0.287882
48355,1070,91,0.524458333
48357,25,4,0.247671
48363,74,8,0.2827626
48365,42,7,0.1166891
48367,103,20,0.6233545
48369,25,4,0.11474
48371,39,6,0.1669669
48373,66,8,0.323393
48375,849,113,0.505276633
48383,7,1,0.07514677
48389,25,4,0.322411
48391,20,3,0.082603
48397,245,21,0.4545947
48399,50,6,0.152283085
48401,96,7,0.2750171
48403,25,4,0.144
48405,18,2,0.1987823
48413,14,2,0.06771
48415,25,4,0.2620274
48423,1439,289,0.5968174
48425,16,3,0.1469178
48427,48,8,0.1834475
48429,40,2,0.2078278
48433,20,3,0.140411
48435,12,2,0.100228
48437,20,3,0.2183562
48439,5383,565,0.495063229
48441,771,66,0.44828835
48445,45,5,0.1657534
48447,14,2,0.077299
48449,174,8,0.5447023
48451,504,29,0.4204756
48453,2014,329,0.521086333
48457,49,4,0.09435616
48461,29,5,0.1128602
48463,25,6,0.5697325
48465,93,7,0.3716118
48469,556,75,0.37347515
48471,123,6,0.6108655
48475,25,4,0.2721461
48477,60,5,0.2219726
48479,497,56,0.6210582
48481,94,36,0.2888303
48483,41,7,0.08196902
48485,338,22,0.372751267
48487,28,8,0.1953949
48491,666,154,0.475439839
48493,44,4,0.2055417
48495,19,3,0.122423
48497,99,21,0.6536107
48499,50,8,0.31821325
48501,24,4,0.133676
48503,50,8,0.279945
49001,72,5,0.42317805
49003,74,10,0.1544692
49005,168,18,0.2134352
49007,39,6,0.2887952
49011,417,34,0.32216515
49013,49,4,0.2838452
49017,36,3,0.1934247
49019,17,3,0.351974
49021,48,6,0.2981164
49023,25,4,0.4512877
49025,25,4,0.539288
49027,37,6,0.3729672
49035,2251,245,0.41989192
49037,36,3,0.2207318
49039,43,7,0.27992085
49041,29,4,0.25
49043,38,4,0.2472017
49045,44,4,0.2675038
49047,39,4,0.2237443
49049,754,126,0.36615032
49051,19,3,0.2224257
49053,245,32,0.6321753
49057,553,96,0.49290335
50001,45,4,0.611726
50003,99,10,0.3646294
50005,75,4,0.6067945
50007,562,66,0.7291632
50011,70,9,0.361954
50015,43,4,0.5367671
50017,52,2,0.4897496
50019,49,5,0.6520548
50021,188,13,0.7158197
50023,122,14,0.6490267
50025,80,11,0.4467395
50027,104,8,0.70487675
51001,52,10,0.4857653
51003,176,12,0.6151598
51005,205,10,0.1597116
51013,394,32,0.7981226
51015,238,8,0.4650813
51017,25,2,0.3712329
51019,50,6,0.4100725
51027,134,12,0.2904669
51041,422,94,0.67559685
51047,70,6,0.4419961
51051,25,1,0.06575342
51053,4,1,0.178082
51057,67,7,0.2230628
51059,2480,336,0.5977282
51061,97,8,0.4380737
51067,37,4,0.3656424
51071,25,4,0.5259178
51073,67,7,0.4227765
51083,192,12,0.3731661
51085,225,24,0.7461839
51087,1158,93,0.51428335
51095,40,7,0.8739057
51103,35,4,0.478137
51107,291,33,0.431605645
51117,85,12,0.5958489
51121,292,22,0.50509335
51135,180,32,0.5798478
51139,25,4,0.4043836
51147,116,8,0.4538069
51153,243,24,0.53035005
51155,147,8,0.181894
51165,238,34,0.5856452
51167,78,5,0.1543193
51171,25,4,0.5522192
51173,44,4,0.3704109
51177,133,12,0.5496151
51179,100,4,0.4449011
51185,207,22,0.14694857
51187,68,8,0.3459202
51191,116,14,0.6335438
51195,134,8,0.1905721
51197,92,6,0.1727219
51199,145,16,0.616872
51510,318,40,0.4935936
51540,612,14,0.7483105
51550,310,28,0.6144322
51590,250,34,0.4957975
51595,80,7,0.1135812
51620,90,8,0.1474338
51630,451,28,0.6696711
51640,141,10,0.1852133
51650,224,24,0.6466072
51670,147,17,0.3643067
51678,25,4,0.5166028
51680,534,37,0.755881
51683,130,11,0.5935879
51700,699,34,0.61464415
51710,952,103,0.745501767
51720,129,11,0.3285564
51730,300,28,0.4790502
51740,346,22,0.6240841
51760,915,118,0.5602887
51770,737,47,0.7315326
51775,506,24,0.6505936
51800,178,12,0.6681219
51810,447,38,0.78123335
51830,40,10,0.3378082
51840,455,48,0.6879459
53001,69,5,0.2917237
53003,62,4,0.488
53005,406,48,0.5427458
53007,265,28,0.53901875
53009,171,23,0.4926682
53011,670,96,0.673221
53013,62,4,0.730849
53015,346,18,0.509573
53019,25,4,0.628712
53021,95,4,0.716274
53023,45,4,0.649205
53025,173,24,0.4396865
53027,164,10,0.5795415
53029,25,6,0.591233
53031,42,6,0.485699
53033,4561,530,0.656426044
53035,347,20,0.551025
53037,50,6,0.251288
53039,57,4,0.3020305
53041,153,10,0.5030925
53043,50,8,0.7233425
53045,68,6,0.462137
53047,112,12,0.195421667
53049,51,6,0.1868495
53051,74,4,0.2657534
53053,1405,197,0.7778526
53055,10,2,0.05726027
53057,205,34,0.520376
53061,878,72,0.55653275
53063,1427,79,0.5515565
53065,120,8,0.451402
53067,500,72,0.6268345
53071,142,28,0.497631
53073,253,24,0.798888
53075,61,10,0.3494795
53077,327,52,0.486266667
54001,72,2,0.456849
54003,195,20,0.628786
54005,25,4,0.441753
54007,25,4,0.081753
54009,218,10,0.426038
54011,706,76,0.69612
54013,42,4,0.160877
54019,94,7,0.3940825
54023,45,3,0.567233
54025,122,12,0.33913
54027,44,2,0.443248
54033,292,20,0.63453
54035,25,4,0.31748
54037,25,5,0.414247
54039,686,132,0.42427125
54041,70,6,0.203718
54045,140,12,0.459257
54047,124,7,0.128208
54051,70,9,0.293894
54053,201,5,0.151676
54055,359,33,0.573322
54057,25,4,0.239452
54059,76,6,0.15241
54061,879,123,0.656383
54065,41,4,0.345753
54067,105,6,0.504844
54069,236,35,0.578451
54075,25,4,0.163836
54077,25,4,0.364493
54081,473,27,0.481564
54083,80,16,0.272237
54087,60,4,0.313973
54089,25,4,0.30137
54091,25,4,0.307945
54095,12,4,0.030027
54097,151,4,0.347616
54101,15,4,0.061699
54103,58,5,0.113756
54107,302,18,0.561346
55001,25,4,0.078904
55003,35,4,0.421041
55005,90,14,0.368566333
55009,1102,90,0.52826375
55013,25,4,0.114411
55015,25,4,0.128548
55017,218,10,0.429092
55019,49,8,0.1133015
55021,98,10,0.3137805
55023,25,4,0.365982
55025,1629,95,0.5950885
55027,245,14,0.180578
55029,25,4,0.42411
55031,25,4,0.300055
55033,25,5,0.390904
55035,705,58,0.479367
55039,164,15,0.3898515
55043,75,12,0.182283
55045,95,6,0.408597
55047,25,5,0.390356
55049,25,4,0.359781
55053,25,4,0.220384
55055,49,4,0.215891
55057,40,7,0.172329
55059,389,27,0.580665
55063,656,52,0.5510855
55065,25,4,0.119123
55067,25,4,0.445589
55069,43,7,0.1156165
55071,236,16,0.305919
55073,424,52,0.608331
55075,55,10,0.321192
55079,3399,333,0.583748
55081,50,8,0.3761095
55083,35,6,0.178406
55085,172,30,0.4066615
55087,517,69,0.439581667
55089,314,46,0.54792035
55091,25,4,0.142904
55095,73,10,0.320949667
55097,94,12,0.358774
55099,25,4,0.151484
55101,437,33,0.479906
55103,25,4,0.420932
55105,562,36,0.431996075
55107,25,4,0.153416
55109,100,16,0.244959
55111,161,16,0.293127667
55113,25,4,0.308164
55115,25,6,0.481315
55117,370,13,0.3413285
55119,25,4,0.235288
55121,43,9,0.4364295
55123,50,8,0.239726
55125,25,2,0.296673
55127,134,16,0.4211845
55129,50,7,0.230722
55131,141,12,0.4568295
55133,910,64,0.482235975
55135,25,4,0.341479
55137,25,4,0.203945
55139,423,38,0.438678333
55141,603,16,0.6706855
56001,99,4,0.190452
56003,25,4,0.4022605
56005,90,14,0.265255
56007,25,6,0.186849
56009,25,5,0.287014
56011,16,3,0.148801
56013,146,12,0.128829
56015,25,4,0.192767
56017,25,4,0.142356
56019,25,4,0.275342
56021,206,15,0.51336
56023,38,8,0.2124915
56025,288,21,0.2890885
56027,24,4,0.813014
56029,50,8,0.364822
56031,25,4,0.167781
56033,88,11,0.367521
56037,115,13,0.216816
56039,48,6,0.319578
56041,42,6,0.128853
56043,18,3,0.287976
56045,12,2,0.599641
72001,,4,
72005,124,8,0.688643
72009,150,6,0.441845
72013,292,14,0.6623925
72021,584,63,0.632729667
72025,665,64,0.5620965
72031,233,8,0.547016
72053,222,21,0.58988465
72069,296,39,0.484989
72091,513,28,0.7871155
72097,158,41,0.406659
72099,106,7,0.468054
72113,762,111,0.63163425
72125,232,18,0.556424
72127,1855,271,0.573725455
72141,7,1,0.4383562
72145,130,6,0.265669
72153,84,11,0.478311