fips,current-cases,current-deaths,diff-cases,diff-deaths
1001,25.0,2.0,6.0,1.0
1003,109.0,2.0,38.0,1.0
1005,18.0,0.0,8.0,0.0
1007,26.0,0.0,10.0,0.0
1009,20.0,0.0,7.0,0.0
1011,9.0,0.0,5.0,0.0
1013,13.0,0.0,6.0,0.0
1015,66.0,2.0,6.0,2.0
1017,240.0,11.0,40.0,3.0
1019,12.0,0.0,3.0,0.0
1021,39.0,0.0,9.0,0.0
1023,14.0,0.0,4.0,0.0
1025,24.0,0.0,5.0,0.0
1027,17.0,0.0,3.0,0.0
1029,12.0,0.0,0.0,0.0
1031,56.0,0.0,24.0,0.0
1033,15.0,1.0,6.0,0.0
1035,10.0,0.0,5.0,0.0
1037,22.0,1.0,4.0,1.0
1039,21.0,1.0,8.0,1.0
1041,6.0,0.0,3.0,0.0
1043,42.0,0.0,3.0,-1.0
1045,17.0,0.0,9.0,0.0
1047,22.0,2.0,8.0,2.0
1049,40.0,2.0,14.0,2.0
1051,58.0,1.0,25.0,1.0
1053,12.0,0.0,4.0,0.0
1055,93.0,7.0,16.0,0.0
1057,4.0,0.0,0.0,0.0
1059,17.0,0.0,7.0,0.0
1061,4.0,0.0,3.0,0.0
1063,29.0,0.0,12.0,0.0
1065,23.0,1.0,8.0,1.0
1067,17.0,0.0,6.0,0.0
1069,63.0,2.0,19.0,1.0
1071,38.0,2.0,13.0,0.0
1073,673.0,25.0,76.0,10.0
1075,8.0,0.0,0.0,0.0
1077,23.0,4.0,2.0,0.0
1079,9.0,0.0,1.0,0.0
1081,306.0,14.0,70.0,6.0
1083,40.0,0.0,3.0,0.0
1085,27.0,0.0,13.0,0.0
1087,24.0,2.0,10.0,1.0
1089,197.0,4.0,10.0,1.0
1091,25.0,1.0,4.0,0.0
1093,60.0,5.0,8.0,2.0
1095,139.0,4.0,40.0,2.0
1097,638.0,25.0,184.0,10.0
1099,8.0,0.0,2.0,-1.0
1101,217.0,3.0,97.0,-1.0
1103,45.0,0.0,6.0,0.0
1105,9.0,0.0,3.0,0.0
1107,33.0,0.0,11.0,0.0
1109,34.0,0.0,14.0,0.0
1111,51.0,3.0,15.0,-1.0
1113,42.0,0.0,18.0,0.0
1115,53.0,0.0,11.0,0.0
1117,257.0,7.0,44.0,2.0
1119,35.0,0.0,15.0,0.0
1121,44.0,1.0,10.0,1.0
1123,180.0,11.0,81.0,7.0
1125,141.0,0.0,22.0,0.0
1127,83.0,0.0,0.0,0.0
1129,15.0,1.0,3.0,0.0
1131,45.0,0.0,15.0,0.0
1133,9.0,0.0,5.0,0.0
2013,,,,
2016,,,,
2020,151.0,4.0,24.0,0.0
2050,1.0,0.0,0.0,0.0
2060,,,,
2068,,,,
2070,,,,
2090,79.0,2.0,0.0,0.0
2100,,,,
2105,,,,
2110,24.0,0.0,8.0,0.0
2122,18.0,0.0,4.0,0.0
2130,15.0,0.0,0.0,0.0
2150,1.0,0.0,,
2164,,,,
2170,17.0,1.0,3.0,1.0
2180,1.0,0.0,,
2185,,,,
2188,,,,
2195,1.0,0.0,0.0,0.0
2201,,,,
2220,,,,
2232,,,,
2240,1.0,0.0,0.0,0.0
2261,,,,
2270,,,,
2280,,,,
2282,,,,
2290,1.0,0.0,0.0,0.0
4001,169.0,4.0,97.0,1.0
4003,22.0,0.0,7.0,0.0
4005,314.0,29.0,71.0,8.0
4007,7.0,0.0,4.0,0.0
4009,2.0,0.0,0.0,0.0
4011,2.0,0.0,0.0,0.0
4012,5.0,1.0,1.0,1.0
4013,2491.0,70.0,531.0,22.0
4015,52.0,2.0,22.0,0.0
4017,452.0,11.0,117.0,3.0
4019,856.0,56.0,234.0,27.0
4021,235.0,6.0,72.0,2.0
4023,16.0,0.0,8.0,0.0
4025,72.0,1.0,9.0,0.0
4027,24.0,1.0,7.0,1.0
5001,2.0,0.0,0.0,0.0
5003,11.0,0.0,1.0,0.0
5005,5.0,0.0,1.0,0.0
5007,62.0,0.0,14.0,0.0
5009,3.0,0.0,0.0,0.0
5011,7.0,0.0,0.0,0.0
5013,,,,
5015,2.0,0.0,0.0,0.0
5017,7.0,0.0,2.0,0.0
5019,27.0,0.0,0.0,0.0
5021,1.0,0.0,0.0,0.0
5023,70.0,4.0,0.0,0.0
5025,8.0,0.0,0.0,0.0
5027,5.0,0.0,2.0,0.0
5029,5.0,1.0,1.0,0.0
5031,43.0,1.0,12.0,1.0
5033,4.0,0.0,1.0,0.0
5035,138.0,4.0,45.0,2.0
5037,8.0,0.0,2.0,0.0
5039,1.0,0.0,0.0,0.0
5041,7.0,0.0,1.0,0.0
5043,6.0,1.0,0.0,0.0
5045,62.0,2.0,3.0,1.0
5047,1.0,0.0,0.0,0.0
5049,,,,
5051,107.0,0.0,26.0,0.0
5053,11.0,0.0,1.0,0.0
5055,8.0,0.0,2.0,0.0
5057,5.0,1.0,0.0,0.0
5059,8.0,0.0,0.0,0.0
5061,13.0,0.0,5.0,0.0
5063,8.0,0.0,3.0,0.0
5065,2.0,0.0,1.0,0.0
5067,1.0,0.0,,
5069,118.0,6.0,23.0,3.0
5071,21.0,0.0,8.0,0.0
5073,4.0,0.0,2.0,0.0
5075,26.0,1.0,15.0,0.0
5077,3.0,1.0,1.0,1.0
5079,111.0,0.0,100.0,0.0
5081,,,,
5083,3.0,0.0,1.0,0.0
5085,26.0,0.0,-4.0,0.0
5087,1.0,0.0,0.0,0.0
5089,1.0,0.0,0.0,0.0
5091,29.0,0.0,7.0,0.0
5093,8.0,0.0,1.0,0.0
5095,3.0,0.0,1.0,0.0
5097,,,,
5099,1.0,0.0,0.0,0.0
5101,2.0,0.0,1.0,0.0
5103,5.0,0.0,0.0,0.0
5105,3.0,0.0,1.0,0.0
5107,4.0,1.0,1.0,0.0
5109,2.0,0.0,0.0,0.0
5111,10.0,0.0,3.0,0.0
5113,7.0,0.0,1.0,0.0
5115,35.0,0.0,5.0,0.0
5117,2.0,0.0,0.0,0.0
5119,377.0,12.0,121.0,3.0
5121,11.0,0.0,3.0,0.0
5123,64.0,0.0,32.0,0.0
5125,43.0,1.0,11.0,0.0
5127,1.0,0.0,0.0,0.0
5129,6.0,0.0,0.0,0.0
5131,11.0,0.0,1.0,0.0
5133,9.0,0.0,1.0,0.0
5135,2.0,0.0,0.0,0.0
5137,7.0,0.0,0.0,0.0
5139,24.0,0.0,6.0,0.0
5141,26.0,2.0,0.0,0.0
5143,45.0,0.0,8.0,0.0
5145,29.0,0.0,1.0,0.0
5147,1.0,0.0,0.0,0.0
5149,2.0,0.0,1.0,0.0
6001,1135.0,41.0,271.0,18.0
6003,1.0,0.0,-1.0,0.0
6005,6.0,0.0,0.0,0.0
6007,16.0,0.0,2.0,0.0
6009,12.0,0.0,4.0,0.0
6011,3.0,0.0,0.0,0.0
6013,685.0,19.0,146.0,8.0
6015,2.0,0.0,0.0,0.0
6017,36.0,0.0,4.0,0.0
6019,315.0,7.0,114.0,2.0
6021,4.0,0.0,1.0,0.0
6023,52.0,0.0,2.0,0.0
6025,155.0,2.0,68.0,0.0
6027,18.0,0.0,6.0,0.0
6029,619.0,3.0,223.0,0.0
6031,28.0,1.0,18.0,0.0
6033,6.0,0.0,2.0,0.0
6035,,,,
6037,12021.0,576.0,2829.0,280.0
6039,34.0,2.0,1.0,0.0
6041,189.0,10.0,25.0,0.0
6043,,,,
6045,5.0,0.0,1.0,0.0
6047,87.0,3.0,22.0,0.0
6049,,,,
6051,23.0,1.0,0.0,0.0
6053,136.0,3.0,49.0,0.0
6055,47.0,2.0,12.0,0.0
6057,36.0,1.0,2.0,0.0
6059,1556.0,32.0,279.0,13.0
6061,131.0,8.0,7.0,4.0
6063,4.0,0.0,0.0,0.0
6065,2602.0,74.0,983.0,33.0
6067,914.0,33.0,207.0,7.0
6069,44.0,2.0,9.0,0.0
6071,1219.0,57.0,332.0,26.0
6073,2213.0,71.0,409.0,26.0
6075,1140.0,20.0,265.0,6.0
6077,410.0,17.0,137.0,1.0
6079,131.0,1.0,17.0,0.0
6081,838.0,28.0,186.0,7.0
6083,385.0,4.0,118.0,2.0
6085,1870.0,74.0,249.0,20.0
6087,101.0,2.0,13.0,1.0
6089,26.0,3.0,2.0,0.0
6091,,,,
6093,5.0,0.0,0.0,0.0
6095,174.0,2.0,48.0,0.0
6097,180.0,2.0,33.0,0.0
6099,221.0,4.0,90.0,2.0
6101,25.0,2.0,3.0,0.0
6103,1.0,0.0,0.0,0.0
6105,,,,
6107,397.0,17.0,170.0,6.0
6109,2.0,0.0,1.0,0.0
6111,416.0,13.0,102.0,3.0
6113,137.0,8.0,44.0,5.0
6115,16.0,1.0,1.0,0.0
8001,894.0,33.0,247.0,7.0
8003,7.0,2.0,0.0,0.0
8005,1498.0,62.0,415.0,24.0
8007,7.0,0.0,1.0,0.0
8009,10.0,0.0,0.0,0.0
8011,,,,
8013,342.0,17.0,78.0,6.0
8014,101.0,2.0,20.0,0.0
8015,37.0,4.0,9.0,1.0
8017,,,,
8019,11.0,0.0,0.0,0.0
8021,,,,
8023,3.0,0.0,0.0,0.0
8025,2.0,1.0,0.0,0.0
8027,2.0,0.0,0.0,0.0
8029,19.0,1.0,13.0,0.0
8031,1723.0,74.0,476.0,28.0
8033,,,,
8035,360.0,15.0,62.0,5.0
8037,483.0,6.0,31.0,1.0
8039,23.0,1.0,7.0,0.0
8041,721.0,49.0,108.0,12.0
8043,9.0,0.0,2.0,0.0
8045,70.0,2.0,15.0,0.0
8047,1.0,0.0,0.0,0.0
8049,4.0,0.0,0.0,0.0
8051,114.0,3.0,13.0,0.0
8053,3.0,0.0,1.0,0.0
8055,1.0,0.0,0.0,0.0
8057,,,,
8059,930.0,36.0,167.0,7.0
8061,,,,
8063,14.0,1.0,6.0,1.0
8065,8.0,0.0,4.0,0.0
8067,52.0,0.0,8.0,0.0
8069,231.0,12.0,44.0,3.0
8071,3.0,0.0,1.0,0.0
8073,3.0,0.0,2.0,0.0
8075,17.0,1.0,4.0,1.0
8077,34.0,0.0,-1.0,0.0
8079,2.0,0.0,0.0,0.0
8081,4.0,0.0,1.0,0.0
8083,13.0,2.0,1.0,0.0
8085,72.0,7.0,15.0,3.0
8087,147.0,2.0,88.0,2.0
8089,6.0,0.0,1.0,0.0
8091,5.0,1.0,1.0,0.0
8093,6.0,0.0,0.0,0.0
8095,5.0,0.0,1.0,0.0
8097,57.0,2.0,8.0,0.0
8099,1.0,0.0,0.0,0.0
8101,84.0,6.0,26.0,3.0
8103,1.0,0.0,0.0,0.0
8105,7.0,0.0,2.0,0.0
8107,49.0,2.0,13.0,1.0
8109,3.0,0.0,0.0,0.0
8111,,,,
8113,13.0,0.0,1.0,0.0
8115,,,,
8117,86.0,1.0,18.0,0.0
8119,18.0,2.0,2.0,0.0
8121,6.0,0.0,4.0,0.0
8123,1029.0,61.0,291.0,13.0
8125,2.0,0.0,0.0,0.0
9001,7363.0,432.0,1829.0,184.0
9003,3196.0,289.0,1282.0,173.0
9005,593.0,48.0,190.0,24.0
9007,448.0,37.0,149.0,19.0
9009,4743.0,241.0,1797.0,122.0
9011,315.0,10.0,125.0,3.0
9013,270.0,24.0,88.0,7.0
9015,97.0,2.0,31.0,1.0
10001,417.0,10.0,136.0,6.0
10003,1205.0,32.0,325.0,13.0
10005,886.0,25.0,422.0,13.0
11001,2666.0,91.0,791.0,41.0
12001,205.0,0.0,22.0,0.0
12003,17.0,3.0,0.0,1.0
12005,48.0,2.0,11.0,1.0
12007,42.0,2.0,13.0,1.0
12009,210.0,7.0,77.0,3.0
12011,3838.0,115.0,893.0,39.0
12013,6.0,0.0,1.0,0.0
12015,138.0,9.0,25.0,4.0
12017,82.0,8.0,11.0,2.0
12019,223.0,9.0,60.0,1.0
12021,457.0,8.0,96.0,4.0
12023,36.0,0.0,10.0,0.0
12027,23.0,4.0,3.0,1.0
12029,3.0,0.0,1.0,0.0
12031,835.0,15.0,167.0,2.0
12033,304.0,8.0,80.0,5.0
12035,66.0,2.0,21.0,0.0
12037,2.0,0.0,0.0,0.0
12039,47.0,0.0,31.0,0.0
12041,4.0,0.0,0.0,0.0
12043,5.0,1.0,1.0,0.0
12045,1.0,0.0,0.0,0.0
12047,3.0,0.0,1.0,0.0
12049,4.0,0.0,1.0,0.0
12051,39.0,0.0,19.0,0.0
12053,84.0,3.0,13.0,1.0
12055,66.0,6.0,10.0,1.0
12057,943.0,19.0,184.0,3.0
12059,5.0,0.0,3.0,0.0
12061,83.0,2.0,9.0,1.0
12063,8.0,0.0,2.0,0.0
12065,24.0,1.0,12.0,0.0
12067,1.0,0.0,0.0,0.0
12069,203.0,6.0,53.0,2.0
12071,738.0,25.0,122.0,9.0
12073,168.0,1.0,49.0,1.0
12075,11.0,0.0,3.0,0.0
12077,2.0,0.0,1.0,0.0
12079,20.0,0.0,6.0,0.0
12081,362.0,31.0,126.0,18.0
12083,118.0,3.0,25.0,0.0
12085,148.0,4.0,26.0,1.0
12086,9044.0,198.0,1987.0,101.0
12087,73.0,3.0,14.0,0.0
12089,42.0,0.0,8.0,0.0
12091,126.0,1.0,26.0,0.0
12093,6.0,0.0,1.0,0.0
12095,1179.0,22.0,231.0,10.0
12097,403.0,5.0,80.0,0.0
12099,2136.0,114.0,492.0,33.0
12101,198.0,3.0,38.0,0.0
12103,587.0,16.0,132.0,3.0
12105,320.0,12.0,66.0,4.0
12107,55.0,1.0,12.0,0.0
12109,188.0,4.0,15.0,2.0
12111,196.0,13.0,44.0,7.0
12113,133.0,6.0,24.0,2.0
12115,279.0,23.0,53.0,11.0
12117,315.0,4.0,60.0,2.0
12119,144.0,11.0,34.0,2.0
12121,90.0,6.0,23.0,6.0
12123,1.0,0.0,0.0,0.0
12125,2.0,0.0,0.0,0.0
12127,291.0,10.0,90.0,3.0
12129,14.0,1.0,6.0,0.0
12131,32.0,0.0,3.0,0.0
12133,5.0,0.0,1.0,0.0
13001,20.0,0.0,10.0,0.0
13003,5.0,0.0,3.0,0.0
13005,18.0,1.0,4.0,1.0
13007,16.0,2.0,2.0,0.0
13009,108.0,2.0,55.0,0.0
13011,13.0,0.0,6.0,0.0
13013,87.0,3.0,32.0,0.0
13015,246.0,22.0,33.0,6.0
13017,13.0,0.0,5.0,0.0
13019,10.0,0.0,4.0,0.0
13021,193.0,1.0,123.0,0.0
13023,6.0,0.0,5.0,0.0
13025,18.0,2.0,10.0,1.0
13027,23.0,5.0,4.0,4.0
13029,32.0,2.0,3.0,1.0
13031,27.0,1.0,10.0,0.0
13033,47.0,2.0,19.0,1.0
13035,41.0,0.0,12.0,0.0
13037,57.0,2.0,12.0,0.0
13039,28.0,0.0,7.0,0.0
13043,5.0,0.0,1.0,0.0
13045,271.0,9.0,61.0,4.0
13047,19.0,0.0,6.0,0.0
13049,5.0,0.0,2.0,0.0
13051,178.0,5.0,30.0,0.0
13053,6.0,0.0,3.0,0.0
13055,9.0,1.0,2.0,0.0
13057,285.0,8.0,98.0,1.0
13059,106.0,13.0,22.0,2.0
13061,20.0,2.0,4.0,1.0
13063,505.0,17.0,133.0,6.0
13065,7.0,0.0,4.0,0.0
13067,1104.0,51.0,376.0,16.0
13069,76.0,3.0,18.0,0.0
13071,120.0,5.0,33.0,0.0
13073,100.0,1.0,31.0,1.0
13075,12.0,1.0,5.0,1.0
13077,160.0,3.0,54.0,1.0
13079,13.0,0.0,10.0,0.0
13081,114.0,2.0,45.0,2.0
13083,8.0,1.0,6.0,0.0
13085,43.0,1.0,17.0,-1.0
13087,55.0,0.0,26.0,0.0
13089,1408.0,24.0,515.0,10.0
13091,19.0,0.0,6.0,0.0
13093,69.0,4.0,25.0,2.0
13095,1409.0,91.0,231.0,19.0
13097,229.0,6.0,70.0,1.0
13099,165.0,8.0,40.0,2.0
13101,4.0,0.0,2.0,0.0
13103,25.0,1.0,3.0,0.0
13105,7.0,0.0,4.0,0.0
13107,12.0,0.0,4.0,0.0
13109,2.0,0.0,1.0,0.0
13111,15.0,0.0,6.0,0.0
13113,136.0,5.0,36.0,1.0
13115,122.0,8.0,14.0,3.0
13117,197.0,7.0,64.0,2.0
13119,10.0,0.0,6.0,0.0
13121,2065.0,74.0,570.0,24.0
13123,11.0,0.0,4.0,0.0
13125,,,,
13127,49.0,0.0,16.0,0.0
13129,58.0,5.0,20.0,2.0
13131,27.0,1.0,12.0,1.0
13133,42.0,1.0,16.0,0.0
13135,1059.0,36.0,358.0,17.0
13137,73.0,2.0,59.0,1.0
13139,607.0,6.0,325.0,6.0
13141,7.0,0.0,4.0,0.0
13143,20.0,1.0,4.0,1.0
13145,39.0,2.0,19.0,1.0
13147,5.0,0.0,2.0,0.0
13149,7.0,1.0,3.0,0.0
13151,355.0,7.0,92.0,4.0
13153,165.0,10.0,44.0,3.0
13155,15.0,0.0,4.0,0.0
13157,47.0,1.0,20.0,0.0
13159,15.0,0.0,7.0,0.0
13161,5.0,0.0,4.0,0.0
13163,11.0,1.0,5.0,0.0
13165,12.0,1.0,3.0,0.0
13167,33.0,1.0,14.0,0.0
13169,16.0,0.0,4.0,0.0
13171,24.0,0.0,7.0,0.0
13173,6.0,1.0,1.0,1.0
13175,41.0,1.0,7.0,0.0
13177,272.0,15.0,28.0,0.0
13179,32.0,0.0,15.0,0.0
13181,9.0,0.0,0.0,0.0
13183,2.0,0.0,1.0,0.0
13185,89.0,3.0,30.0,1.0
13187,22.0,0.0,13.0,0.0
13189,37.0,2.0,14.0,0.0
13191,4.0,0.0,1.0,0.0
13193,48.0,0.0,25.0,0.0
13195,14.0,1.0,4.0,0.0
13197,26.0,1.0,16.0,1.0
13199,40.0,0.0,17.0,0.0
13201,20.0,0.0,9.0,0.0
13205,212.0,23.0,74.0,9.0
13207,15.0,1.0,3.0,0.0
13209,2.0,0.0,0.0,0.0
13211,20.0,0.0,6.0,0.0
13213,18.0,0.0,4.0,0.0
13215,218.0,4.0,62.0,0.0
13217,121.0,3.0,39.0,0.0
13219,48.0,0.0,10.0,0.0
13221,32.0,2.0,20.0,1.0
13223,133.0,6.0,49.0,4.0
13225,32.0,2.0,9.0,0.0
13227,18.0,2.0,7.0,0.0
13229,51.0,2.0,6.0,0.0
13231,30.0,1.0,14.0,1.0
13233,29.0,0.0,4.0,0.0
13235,16.0,1.0,7.0,1.0
13237,19.0,1.0,13.0,1.0
13239,3.0,1.0,0.0,1.0
13241,7.0,0.0,1.0,0.0
13243,141.0,13.0,30.0,8.0
13245,262.0,10.0,118.0,6.0
13247,119.0,6.0,22.0,4.0
13249,15.0,1.0,3.0,0.0
13251,11.0,1.0,4.0,1.0
13253,20.0,2.0,5.0,2.0
13255,126.0,7.0,53.0,3.0
13257,31.0,1.0,14.0,1.0
13259,15.0,0.0,8.0,0.0
13261,314.0,14.0,75.0,5.0
13263,16.0,1.0,7.0,0.0
13265,,,,
13267,5.0,0.0,0.0,0.0
13269,10.0,2.0,3.0,0.0
13271,14.0,0.0,5.0,0.0
13273,146.0,14.0,37.0,4.0
13275,115.0,13.0,38.0,10.0
13277,82.0,3.0,23.0,2.0
13279,20.0,2.0,9.0,1.0
13281,12.0,0.0,9.0,0.0
13283,1.0,0.0,0.0,0.0
13285,86.0,4.0,26.0,1.0
13287,51.0,2.0,14.0,2.0
13289,4.0,0.0,2.0,0.0
13291,12.0,1.0,5.0,0.0
13293,170.0,8.0,114.0,7.0
13295,14.0,0.0,8.0,0.0
13297,59.0,3.0,17.0,1.0
13299,81.0,5.0,27.0,1.0
13301,10.0,0.0,3.0,0.0
13303,25.0,1.0,3.0,1.0
13305,7.0,0.0,3.0,0.0
13307,5.0,0.0,2.0,0.0
13309,3.0,0.0,1.0,0.0
13311,20.0,0.0,9.0,0.0
13313,43.0,3.0,19.0,0.0
13315,42.0,2.0,18.0,2.0
13317,12.0,0.0,6.0,0.0
13319,20.0,1.0,9.0,0.0
13321,119.0,5.0,32.0,1.0
15001,61.0,0.0,22.0,0.0
15003,382.0,6.0,32.0,0.0
15005,,,,
15007,21.0,0.0,0.0,0.0
15009,104.0,3.0,20.0,0.0
16001,570.0,10.0,53.0,4.0
16003,1.0,0.0,0.0,0.0
16005,5.0,0.0,0.0,0.0
16007,,,,
16009,,,,
16011,3.0,0.0,1.0,0.0
16013,469.0,5.0,15.0,0.0
16015,,,,
16017,4.0,0.0,0.0,0.0
16019,16.0,0.0,3.0,0.0
16021,,,,
16023,,,,
16025,1.0,0.0,0.0,0.0
16027,181.0,5.0,26.0,0.0
16029,1.0,0.0,0.0,0.0
16031,10.0,1.0,2.0,0.0
16033,,,,
16035,,,,
16037,2.0,0.0,0.0,0.0
16039,21.0,0.0,5.0,0.0
16041,,,,
16043,2.0,0.0,0.0,0.0
16045,9.0,0.0,0.0,0.0
16047,7.0,0.0,2.0,0.0
16049,3.0,0.0,0.0,0.0
16051,4.0,0.0,0.0,0.0
16053,36.0,2.0,7.0,0.0
16055,50.0,0.0,5.0,0.0
16057,3.0,0.0,0.0,0.0
16059,,,,
16061,,,,
16063,17.0,0.0,2.0,0.0
16065,5.0,0.0,0.0,0.0
16067,7.0,0.0,2.0,0.0
16069,22.0,11.0,3.0,6.0
16071,,,,
16073,4.0,0.0,0.0,0.0
16075,9.0,1.0,1.0,0.0
16077,2.0,0.0,0.0,0.0
16079,,,,
16081,7.0,0.0,1.0,0.0
16083,103.0,9.0,24.0,7.0
16085,2.0,0.0,0.0,0.0
16087,1.0,0.0,0.0,0.0
17001,31.0,0.0,6.0,0.0
17003,1.0,0.0,,
17005,4.0,1.0,0.0,1.0
17007,29.0,2.0,18.0,1.0
17009,,,,
17011,8.0,0.0,3.0,0.0
17013,1.0,0.0,0.0,0.0
17015,6.0,1.0,1.0,0.0
17017,,,,
17019,93.0,4.0,7.0,2.0
17021,25.0,5.0,1.0,1.0
17023,4.0,0.0,0.0,0.0
17025,1.0,0.0,,
17027,44.0,0.0,7.0,0.0
17029,14.0,0.0,8.0,0.0
17031,20395.0,860.0,5810.0,375.0
17033,5.0,0.0,1.0,0.0
17035,2.0,0.0,0.0,0.0
17037,54.0,1.0,20.0,0.0
17039,2.0,0.0,0.0,0.0
17041,12.0,0.0,1.0,0.0
17043,1642.0,83.0,480.0,33.0
17045,,,,
17047,,,,
17049,4.0,1.0,1.0,0.0
17051,13.0,1.0,2.0,0.0
17053,5.0,1.0,0.0,0.0
17055,5.0,0.0,1.0,0.0
17057,1.0,0.0,0.0,0.0
17059,2.0,0.0,1.0,0.0
17061,1.0,0.0,0.0,0.0
17063,26.0,0.0,5.0,0.0
17065,1.0,0.0,,
17067,3.0,0.0,2.0,0.0
17069,,,,
17071,2.0,0.0,,
17073,30.0,0.0,8.0,0.0
17075,12.0,0.0,3.0,0.0
17077,42.0,4.0,8.0,1.0
17079,7.0,1.0,4.0,1.0
17081,12.0,0.0,5.0,0.0
17083,8.0,0.0,2.0,0.0
17085,12.0,0.0,1.0,0.0
17087,2.0,0.0,,
17089,582.0,30.0,179.0,7.0
17091,272.0,16.0,68.0,6.0
17093,135.0,3.0,30.0,1.0
17095,5.0,0.0,3.0,0.0
17097,2073.0,75.0,628.0,33.0
17099,27.0,1.0,7.0,0.0
17101,2.0,0.0,0.0,0.0
17103,17.0,0.0,4.0,0.0
17105,17.0,0.0,1.0,0.0
17107,4.0,0.0,1.0,0.0
17109,3.0,0.0,2.0,0.0
17111,340.0,17.0,105.0,11.0
17113,83.0,3.0,6.0,1.0
17115,55.0,7.0,20.0,6.0
17117,21.0,0.0,5.0,0.0
17119,169.0,5.0,59.0,3.0
17121,19.0,0.0,6.0,0.0
17123,3.0,0.0,2.0,0.0
17125,4.0,0.0,1.0,0.0
17127,3.0,0.0,1.0,0.0
17129,3.0,0.0,1.0,0.0
17131,5.0,0.0,3.0,0.0
17133,52.0,7.0,6.0,6.0
17135,13.0,0.0,5.0,0.0
17137,12.0,1.0,2.0,0.0
17139,2.0,0.0,0.0,0.0
17141,48.0,1.0,30.0,0.0
17143,37.0,2.0,10.0,1.0
17145,1.0,0.0,0.0,0.0
17147,7.0,0.0,1.0,0.0
17149,1.0,0.0,0.0,0.0
17151,,,,
17153,9.0,0.0,4.0,0.0
17155,,,,
17157,54.0,1.0,14.0,1.0
17159,2.0,0.0,1.0,0.0
17161,187.0,4.0,96.0,1.0
17163,265.0,17.0,76.0,9.0
17165,3.0,0.0,0.0,0.0
17167,61.0,5.0,18.0,2.0
17169,1.0,0.0,0.0,0.0
17171,,,,
17173,4.0,0.0,0.0,0.0
17175,1.0,0.0,0.0,0.0
17177,12.0,0.0,4.0,0.0
17179,41.0,3.0,22.0,1.0
17181,5.0,0.0,,
17183,9.0,0.0,1.0,0.0
17185,1.0,0.0,-1.0,0.0
17187,4.0,0.0,2.0,0.0
17189,6.0,0.0,4.0,0.0
17191,1.0,0.0,,
17193,,,,
17195,36.0,3.0,10.0,2.0
17197,1603.0,97.0,375.0,37.0
17199,13.0,0.0,3.0,0.0
17201,172.0,9.0,78.0,2.0
17203,11.0,0.0,4.0,0.0
18001,7.0,1.0,2.0,0.0
18003,293.0,16.0,146.0,6.0
18005,131.0,6.0,21.0,2.0
18007,4.0,0.0,2.0,0.0
18009,6.0,1.0,1.0,1.0
18011,151.0,8.0,42.0,6.0
18013,14.0,1.0,2.0,0.0
18015,6.0,1.0,1.0,1.0
18017,52.0,1.0,30.0,0.0
18019,160.0,11.0,48.0,3.0
18021,15.0,0.0,4.0,0.0
18023,16.0,1.0,5.0,0.0
18025,12.0,0.0,0.0,0.0
18027,29.0,2.0,19.0,1.0
18029,65.0,5.0,5.0,2.0
18031,166.0,17.0,39.0,7.0
18033,13.0,1.0,8.0,1.0
18035,92.0,5.0,26.0,3.0
18037,14.0,0.0,1.0,0.0
18039,148.0,3.0,65.0,0.0
18041,21.0,4.0,1.0,1.0
18043,137.0,7.0,30.0,3.0
18045,5.0,2.0,2.0,1.0
18047,89.0,7.0,20.0,0.0
18049,5.0,0.0,2.0,0.0
18051,5.0,0.0,1.0,0.0
18053,55.0,2.0,19.0,0.0
18055,42.0,3.0,23.0,2.0
18057,563.0,35.0,85.0,12.0
18059,135.0,6.0,17.0,0.0
18061,85.0,2.0,30.0,0.0
18063,435.0,17.0,120.0,7.0
18065,29.0,1.0,6.0,1.0
18067,68.0,4.0,20.0,0.0
18069,6.0,1.0,-1.0,0.0
18071,84.0,0.0,14.0,0.0
18073,21.0,1.0,4.0,0.0
18075,8.0,0.0,4.0,0.0
18077,18.0,0.0,6.0,0.0
18079,63.0,1.0,7.0,1.0
18081,393.0,31.0,76.0,11.0
18083,17.0,0.0,2.0,0.0
18085,22.0,1.0,4.0,0.0
18087,15.0,1.0,3.0,0.0
18089,1095.0,43.0,351.0,18.0
18091,134.0,5.0,101.0,2.0
18093,77.0,9.0,9.0,2.0
18095,323.0,30.0,69.0,16.0
18097,3624.0,190.0,737.0,67.0
18099,22.0,0.0,3.0,0.0
18101,5.0,0.0,0.0,0.0
18103,21.0,0.0,5.0,0.0
18105,113.0,4.0,30.0,3.0
18107,25.0,0.0,3.0,0.0
18109,111.0,3.0,10.0,0.0
18111,31.0,4.0,5.0,3.0
18113,34.0,2.0,20.0,1.0
18115,1.0,0.0,0.0,0.0
18117,25.0,4.0,8.0,1.0
18119,21.0,1.0,2.0,0.0
18121,7.0,0.0,0.0,0.0
18123,5.0,0.0,2.0,0.0
18125,1.0,0.0,0.0,0.0
18127,168.0,3.0,50.0,1.0
18129,6.0,0.0,1.0,0.0
18131,1.0,0.0,0.0,0.0
18133,50.0,4.0,18.0,1.0
18135,12.0,1.0,2.0,0.0
18137,80.0,3.0,-4.0,0.0
18139,19.0,1.0,4.0,0.0
18141,388.0,8.0,196.0,5.0
18143,22.0,2.0,5.0,0.0
18145,99.0,4.0,28.0,2.0
18147,4.0,0.0,1.0,0.0
18149,11.0,1.0,2.0,1.0
18151,17.0,1.0,5.0,0.0
18153,7.0,0.0,1.0,0.0
18155,13.0,0.0,0.0,0.0
18157,55.0,2.0,10.0,1.0
18159,10.0,1.0,1.0,1.0
18161,6.0,0.0,1.0,0.0
18163,80.0,1.0,24.0,0.0
18165,5.0,0.0,2.0,0.0
18167,51.0,4.0,9.0,2.0
18169,9.0,0.0,2.0,0.0
18171,6.0,1.0,3.0,0.0
18173,55.0,4.0,19.0,2.0
18175,28.0,0.0,3.0,0.0
18177,23.0,2.0,6.0,1.0
18179,5.0,0.0,1.0,0.0
18181,6.0,0.0,3.0,0.0
18183,15.0,1.0,3.0,0.0
19001,1.0,0.0,0.0,0.0
19003,,,,
19005,34.0,3.0,13.0,2.0
19007,2.0,2.0,1.0,1.0
19009,1.0,0.0,0.0,0.0
19011,21.0,1.0,4.0,0.0
19013,166.0,1.0,119.0,1.0
19015,4.0,0.0,0.0,0.0
19017,26.0,0.0,23.0,0.0
19019,8.0,0.0,1.0,0.0
19021,2.0,0.0,0.0,0.0
19023,1.0,0.0,0.0,0.0
19025,,,,
19027,1.0,0.0,0.0,0.0
19029,1.0,0.0,,
19031,25.0,0.0,5.0,0.0
19033,14.0,0.0,1.0,0.0
19035,,,,
19037,2.0,0.0,0.0,0.0
19039,2.0,0.0,0.0,0.0
19041,3.0,0.0,1.0,0.0
19043,7.0,1.0,0.0,1.0
19045,40.0,0.0,11.0,0.0
19047,6.0,1.0,0.0,0.0
19049,45.0,0.0,8.0,0.0
19051,,,,
19053,,,,
19055,2.0,0.0,0.0,0.0
19057,8.0,0.0,4.0,0.0
19059,1.0,0.0,0.0,0.0
19061,43.0,1.0,8.0,0.0
19063,,,,
19065,6.0,0.0,2.0,0.0
19067,,,,
19069,1.0,0.0,0.0,0.0
19071,,,,
19073,1.0,0.0,0.0,0.0
19075,2.0,0.0,1.0,0.0
19077,4.0,0.0,3.0,0.0
19079,2.0,0.0,0.0,0.0
19081,3.0,0.0,0.0,0.0
19083,2.0,0.0,1.0,0.0
19085,12.0,0.0,0.0,0.0
19087,27.0,1.0,8.0,0.0
19089,4.0,0.0,3.0,0.0
19091,,,,
19093,,,,
19095,10.0,0.0,3.0,0.0
19097,4.0,0.0,0.0,0.0
19099,33.0,0.0,22.0,0.0
19101,4.0,0.0,0.0,0.0
19103,265.0,3.0,62.0,1.0
19105,14.0,0.0,6.0,0.0
19107,4.0,0.0,2.0,0.0
19109,1.0,0.0,0.0,0.0
19111,3.0,0.0,2.0,0.0
19113,332.0,25.0,89.0,7.0
19115,177.0,2.0,101.0,2.0
19117,,,,
19119,5.0,0.0,2.0,0.0
19121,3.0,1.0,1.0,0.0
19123,7.0,0.0,3.0,0.0
19125,4.0,0.0,1.0,0.0
19127,83.0,0.0,52.0,0.0
19129,2.0,0.0,1.0,0.0
19131,2.0,0.0,0.0,0.0
19133,6.0,0.0,0.0,0.0
19135,,,,
19137,1.0,0.0,0.0,0.0
19139,176.0,3.0,80.0,2.0
19141,3.0,0.0,0.0,0.0
19143,3.0,0.0,1.0,0.0
19145,3.0,0.0,0.0,0.0
19147,,,,
19149,8.0,0.0,4.0,0.0
19151,,,,
19153,293.0,13.0,116.0,8.0
19155,18.0,1.0,6.0,1.0
19157,8.0,1.0,2.0,0.0
19159,,,,
19161,,,,
19163,159.0,3.0,44.0,2.0
19165,9.0,0.0,3.0,0.0
19167,7.0,0.0,0.0,0.0
19169,17.0,0.0,10.0,0.0
19171,123.0,6.0,37.0,4.0
19173,1.0,0.0,0.0,0.0
19175,1.0,0.0,0.0,0.0
19177,8.0,0.0,2.0,0.0
19179,7.0,0.0,3.0,0.0
19181,18.0,0.0,2.0,0.0
19183,113.0,5.0,32.0,1.0
19185,,,,
19187,3.0,0.0,1.0,0.0
19189,2.0,0.0,0.0,0.0
19191,5.0,0.0,0.0,0.0
19193,35.0,0.0,17.0,0.0
19195,1.0,0.0,0.0,0.0
19197,1.0,0.0,0.0,0.0
20001,,,,
20003,1.0,0.0,0.0,0.0
20005,4.0,0.0,1.0,0.0
20007,1.0,0.0,0.0,0.0
20009,6.0,0.0,1.0,0.0
20011,7.0,1.0,0.0,0.0
20013,,,,
20015,12.0,0.0,4.0,0.0
20017,1.0,0.0,,
20019,3.0,0.0,0.0,0.0
20021,7.0,0.0,1.0,0.0
20023,,,,
20025,,,,
20027,2.0,0.0,1.0,0.0
20029,3.0,0.0,0.0,0.0
20031,46.0,6.0,8.0,5.0
20033,,,,
20035,1.0,1.0,-1.0,0.0
20037,6.0,1.0,0.0,0.0
20039,,,,
20041,1.0,0.0,,
20043,1.0,0.0,0.0,0.0
20045,43.0,0.0,4.0,0.0
20047,,,,
20049,,,,
20051,4.0,0.0,3.0,0.0
20053,,,,
20055,35.0,1.0,20.0,1.0
20057,107.0,0.0,94.0,0.0
20059,12.0,0.0,0.0,0.0
20061,10.0,0.0,4.0,0.0
20063,1.0,0.0,0.0,0.0
20065,,,,
20067,,,,
20069,,,,
20071,,,,
20073,2.0,0.0,1.0,0.0
20075,1.0,0.0,0.0,0.0
20077,,,,
20079,5.0,0.0,1.0,0.0
20081,,,,
20083,,,,
20085,1.0,0.0,0.0,0.0
20087,5.0,0.0,0.0,0.0
20089,3.0,0.0,0.0,0.0
20091,369.0,25.0,69.0,11.0
20093,1.0,0.0,0.0,0.0
20095,,,,
20097,,,,
20099,20.0,0.0,2.0,0.0
20101,,,,
20103,123.0,2.0,43.0,1.0
20105,,,,
20107,6.0,0.0,0.0,0.0
20109,,,,
20111,57.0,0.0,28.0,0.0
20113,15.0,0.0,2.0,0.0
20115,5.0,0.0,2.0,0.0
20117,,,,
20119,,,,
20121,4.0,0.0,1.0,0.0
20123,2.0,0.0,0.0,0.0
20125,12.0,2.0,1.0,0.0
20127,2.0,0.0,0.0,0.0
20129,2.0,0.0,1.0,0.0
20131,,,,
20133,2.0,0.0,0.0,0.0
20135,,,,
20137,,,,
20139,4.0,0.0,0.0,0.0
20141,2.0,0.0,0.0,0.0
20143,3.0,0.0,0.0,0.0
20145,,,,
20147,1.0,0.0,0.0,0.0
20149,6.0,0.0,1.0,0.0
20151,1.0,0.0,0.0,0.0
20153,,,,
20155,14.0,0.0,3.0,0.0
20157,4.0,0.0,0.0,0.0
20159,,,,
20161,27.0,0.0,7.0,0.0
20163,4.0,0.0,2.0,0.0
20165,,,,
20167,,,,
20169,15.0,2.0,6.0,1.0
20171,1.0,0.0,-1.0,0.0
20173,232.0,3.0,38.0,1.0
20175,35.0,0.0,30.0,0.0
20177,90.0,5.0,15.0,1.0
20179,,,,
20181,1.0,0.0,,
20183,2.0,0.0,,
20185,1.0,0.0,0.0,0.0
20187,3.0,0.0,2.0,0.0
20189,3.0,0.0,1.0,0.0
20191,3.0,1.0,1.0,0.0
20193,,,,
20195,,,,
20197,1.0,0.0,0.0,0.0
20199,,,,
20201,,,,
20203,,,,
20205,1.0,0.0,,
20207,5.0,0.0,2.0,0.0
20209,412.0,35.0,80.0,11.0
21001,47.0,3.0,4.0,2.0
21003,4.0,0.0,2.0,0.0
21005,7.0,1.0,4.0,0.0
21007,3.0,0.0,1.0,0.0
21009,7.0,0.0,2.0,0.0
21011,3.0,0.0,0.0,0.0
21013,,,,
21015,74.0,2.0,20.0,0.0
21017,7.0,1.0,3.0,0.0
21019,29.0,2.0,6.0,0.0
21021,14.0,0.0,1.0,0.0
21023,7.0,0.0,2.0,0.0
21025,3.0,0.0,0.0,0.0
21027,6.0,0.0,3.0,0.0
21029,33.0,2.0,5.0,0.0
21031,62.0,3.0,51.0,2.0
21033,11.0,0.0,2.0,0.0
21035,21.0,1.0,6.0,0.0
21037,55.0,6.0,10.0,3.0
21039,,,,
21041,2.0,0.0,0.0,0.0
21043,4.0,0.0,1.0,0.0
21045,1.0,0.0,,
21047,81.0,3.0,14.0,0.0
21049,18.0,0.0,0.0,0.0
21051,,,,
21053,2.0,0.0,0.0,0.0
21055,3.0,0.0,0.0,0.0
21057,2.0,0.0,0.0,0.0
21059,109.0,3.0,23.0,0.0
21061,7.0,0.0,1.0,0.0
21063,,,,
21065,,,,
21067,218.0,7.0,24.0,0.0
21069,2.0,0.0,0.0,0.0
21071,4.0,0.0,3.0,0.0
21073,21.0,0.0,11.0,0.0
21075,,,,
21077,1.0,0.0,0.0,0.0
21079,1.0,0.0,,
21081,16.0,1.0,4.0,0.0
21083,41.0,2.0,31.0,2.0
21085,12.0,1.0,8.0,1.0
21087,1.0,0.0,0.0,0.0
21089,10.0,0.0,5.0,0.0
21091,6.0,0.0,4.0,0.0
21093,29.0,0.0,5.0,0.0
21095,,,,
21097,16.0,0.0,1.0,0.0
21099,2.0,0.0,1.0,0.0
21101,30.0,0.0,7.0,0.0
21103,3.0,0.0,-1.0,0.0
21105,,,,
21107,117.0,10.0,32.0,2.0
21109,43.0,2.0,31.0,2.0
21111,689.0,63.0,186.0,22.0
21113,33.0,0.0,6.0,0.0
21115,1.0,0.0,0.0,0.0
21117,128.0,11.0,33.0,3.0
21119,3.0,0.0,2.0,0.0
21121,4.0,0.0,3.0,0.0
21123,5.0,0.0,2.0,0.0
21125,13.0,2.0,5.0,2.0
21127,1.0,0.0,0.0,0.0
21129,,,,
21131,2.0,0.0,1.0,0.0
21133,1.0,0.0,0.0,0.0
21135,2.0,0.0,0.0,0.0
21137,4.0,1.0,3.0,1.0
21139,1.0,0.0,,
21141,8.0,0.0,3.0,0.0
21143,13.0,2.0,1.0,0.0
21145,29.0,2.0,8.0,0.0
21147,9.0,0.0,2.0,0.0
21149,6.0,0.0,0.0,-1.0
21151,21.0,1.0,2.0,0.0
21153,,,,
21155,13.0,0.0,3.0,0.0
21157,12.0,0.0,1.0,0.0
21159,2.0,0.0,1.0,0.0
21161,6.0,0.0,1.0,0.0
21163,2.0,1.0,0.0,0.0
21165,3.0,0.0,0.0,0.0
21167,9.0,0.0,0.0,0.0
21169,,,,
21171,3.0,0.0,1.0,0.0
21173,9.0,0.0,1.0,0.0
21175,1.0,0.0,0.0,0.0
21177,70.0,2.0,27.0,1.0
21179,14.0,0.0,1.0,0.0
21181,1.0,0.0,0.0,0.0
21183,13.0,0.0,5.0,0.0
21185,23.0,0.0,7.0,0.0
21187,,,,
21189,2.0,0.0,0.0,0.0
21191,5.0,0.0,2.0,0.0
21193,4.0,0.0,1.0,0.0
21195,6.0,2.0,2.0,1.0
21197,1.0,0.0,0.0,0.0
21199,35.0,2.0,4.0,0.0
21201,,,,
21203,11.0,0.0,2.0,0.0
21205,2.0,0.0,1.0,0.0
21207,12.0,2.0,6.0,2.0
21209,27.0,0.0,1.0,0.0
21211,23.0,2.0,5.0,1.0
21213,21.0,2.0,5.0,1.0
21215,8.0,0.0,2.0,0.0
21217,5.0,0.0,2.0,0.0
21219,11.0,0.0,4.0,0.0
21221,4.0,0.0,0.0,0.0
21223,2.0,0.0,1.0,0.0
21225,8.0,0.0,3.0,0.0
21227,87.0,0.0,41.0,0.0
21229,3.0,0.0,0.0,0.0
21231,6.0,0.0,2.0,0.0
21233,13.0,0.0,6.0,0.0
21235,8.0,0.0,3.0,0.0
21237,,,,
21239,19.0,0.0,5.0,0.0
22001,110.0,7.0,11.0,2.0
22003,79.0,9.0,6.0,2.0
22005,496.0,30.0,68.0,7.0
22007,143.0,1.0,27.0,0.0
22009,68.0,3.0,7.0,2.0
22011,35.0,2.0,8.0,1.0
22013,65.0,9.0,32.0,8.0
22015,230.0,11.0,44.0,2.0
22017,1244.0,68.0,226.0,29.0
22019,309.0,18.0,50.0,6.0
22021,15.0,0.0,-3.0,0.0
22023,2.0,0.0,0.0,0.0
22025,23.0,1.0,2.0,0.0
22027,50.0,4.0,9.0,1.0
22029,25.0,2.0,7.0,1.0
22031,152.0,8.0,28.0,1.0
22033,1476.0,72.0,253.0,23.0
22035,1.0,0.0,0.0,0.0
22037,90.0,7.0,19.0,5.0
22039,43.0,0.0,7.0,0.0
22041,78.0,2.0,30.0,1.0
22043,12.0,0.0,1.0,0.0
22045,176.0,8.0,40.0,3.0
22047,270.0,21.0,38.0,7.0
22049,14.0,0.0,6.0,0.0
22051,5543.0,275.0,553.0,102.0
22053,53.0,5.0,9.0,2.0
22055,414.0,17.0,60.0,4.0
22057,560.0,22.0,92.0,9.0
22059,13.0,0.0,2.0,0.0
22061,49.0,2.0,10.0,2.0
22063,144.0,8.0,24.0,7.0
22065,4.0,0.0,2.0,0.0
22067,35.0,2.0,4.0,0.0
22069,53.0,1.0,12.0,1.0
22071,5953.0,324.0,353.0,89.0
22073,483.0,12.0,116.0,7.0
22075,156.0,11.0,19.0,1.0
22077,64.0,5.0,21.0,3.0
22079,201.0,7.0,36.0,2.0
22081,19.0,3.0,8.0,1.0
22083,27.0,0.0,8.0,0.0
22085,13.0,0.0,4.0,0.0
22087,409.0,11.0,48.0,1.0
22089,487.0,27.0,83.0,2.0
22091,19.0,1.0,6.0,1.0
22093,217.0,14.0,13.0,4.0
22095,637.0,53.0,92.0,15.0
22097,133.0,20.0,20.0,7.0
22099,187.0,12.0,30.0,4.0
22101,143.0,11.0,30.0,9.0
22103,987.0,67.0,123.0,28.0
22105,440.0,18.0,96.0,10.0
22107,1.0,0.0,0.0,0.0
22109,310.0,21.0,55.0,7.0
22111,75.0,5.0,28.0,2.0
22113,30.0,1.0,4.0,0.0
22115,14.0,1.0,0.0,1.0
22117,188.0,11.0,41.0,4.0
22119,76.0,4.0,14.0,2.0
22121,86.0,10.0,18.0,1.0
22123,4.0,0.0,0.0,0.0
22125,74.0,0.0,28.0,0.0
22127,16.0,2.0,4.0,0.0
23001,35.0,1.0,7.0,1.0
23003,2.0,0.0,0.0,0.0
23005,369.0,14.0,77.0,2.0
23007,11.0,0.0,3.0,0.0
23009,6.0,0.0,1.0,0.0
23011,96.0,4.0,64.0,3.0
23013,12.0,0.0,2.0,0.0
23015,12.0,0.0,3.0,0.0
23017,13.0,0.0,0.0,0.0
23019,41.0,0.0,7.0,0.0
23021,,,,
23023,15.0,0.0,0.0,-1.0
23025,15.0,0.0,7.0,0.0
23027,42.0,7.0,13.0,5.0
23029,2.0,0.0,1.0,0.0
23031,175.0,6.0,31.0,3.0
24001,33.0,1.0,20.0,1.0
24003,1005.0,34.0,346.0,7.0
24005,1664.0,38.0,407.0,8.0
24009,109.0,2.0,19.0,1.0
24011,33.0,0.0,16.0,0.0
24013,308.0,35.0,72.0,10.0
24015,131.0,3.0,57.0,2.0
24017,347.0,16.0,94.0,7.0
24019,20.0,1.0,11.0,0.0
24021,557.0,23.0,189.0,11.0
24023,4.0,0.0,0.0,0.0
24025,195.0,0.0,66.0,0.0
24027,508.0,10.0,137.0,4.0
24029,16.0,1.0,5.0,1.0
24031,2404.0,70.0,773.0,28.0
24033,3160.0,85.0,1125.0,30.0
24035,24.0,2.0,5.0,2.0
24037,101.0,1.0,19.0,1.0
24039,10.0,0.0,6.0,0.0
24041,16.0,1.0,2.0,0.0
24043,116.0,3.0,41.0,2.0
24045,138.0,1.0,96.0,0.0
24047,31.0,0.0,11.0,0.0
24510,1378.0,40.0,566.0,16.0
25001,590.0,20.0,89.0,4.0
25003,385.0,27.0,35.0,5.0
25005,1698.0,83.0,371.0,40.0
25007,14.0,0.0,2.0,0.0
25009,4914.0,193.0,1744.0,92.0
25011,177.0,25.0,34.0,0.0
25013,2254.0,203.0,607.0,98.0
25015,306.0,6.0,87.0,1.0
25017,8297.0,334.0,2637.0,185.0
25019,9.0,0.0,0.0,0.0
25021,3659.0,215.0,1010.0,124.0
25023,2688.0,128.0,664.0,67.0
25025,7696.0,156.0,2337.0,75.0
25027,2952.0,129.0,920.0,81.0
26001,1.0,0.0,,
26003,,,,
26005,33.0,0.0,12.0,0.0
26007,2.0,1.0,1.0,1.0
26009,8.0,0.0,0.0,0.0
26011,9.0,0.0,4.0,0.0
26013,1.0,0.0,,
26015,21.0,1.0,13.0,1.0
26017,79.0,2.0,25.0,0.0
26019,2.0,0.0,,
26021,153.0,8.0,49.0,4.0
26023,35.0,2.0,8.0,0.0
26025,136.0,5.0,62.0,4.0
26027,22.0,1.0,10.0,0.0
26029,12.0,1.0,1.0,1.0
26031,14.0,1.0,4.0,0.0
26033,1.0,0.0,0.0,-1.0
26035,8.0,1.0,4.0,0.0
26037,103.0,6.0,12.0,3.0
26039,26.0,2.0,14.0,1.0
26041,12.0,1.0,3.0,0.0
26043,3.0,2.0,0.0,0.0
26045,88.0,5.0,14.0,1.0
26047,21.0,2.0,0.0,0.0
26049,1228.0,112.0,273.0,44.0
26051,9.0,0.0,5.0,0.0
26053,4.0,1.0,0.0,0.0
26055,18.0,4.0,1.0,1.0
26057,7.0,0.0,0.0,0.0
26059,89.0,11.0,14.0,5.0
26061,2.0,0.0,1.0,0.0
26063,10.0,0.0,4.0,0.0
26065,304.0,6.0,54.0,3.0
26067,22.0,2.0,8.0,0.0
26069,11.0,1.0,7.0,0.0
26071,,,,
26073,51.0,7.0,12.0,4.0
26075,232.0,9.0,61.0,5.0
26077,154.0,9.0,70.0,2.0
26079,17.0,2.0,4.0,0.0
26081,460.0,23.0,173.0,10.0
26083,,,,
26085,2.0,0.0,1.0,0.0
26087,141.0,18.0,40.0,12.0
26089,7.0,0.0,3.0,0.0
26091,62.0,0.0,15.0,0.0
26093,276.0,10.0,67.0,6.0
26095,1.0,0.0,0.0,0.0
26097,4.0,0.0,0.0,0.0
26099,4251.0,384.0,997.0,167.0
26101,11.0,0.0,1.0,0.0
26103,29.0,6.0,7.0,2.0
26105,4.0,0.0,2.0,0.0
26107,12.0,1.0,1.0,0.0
26109,1.0,0.0,0.0,0.0
26111,43.0,2.0,12.0,1.0
26113,3.0,1.0,2.0,0.0
26115,224.0,10.0,41.0,3.0
26117,24.0,1.0,2.0,0.0
26119,4.0,0.0,,
26121,136.0,5.0,77.0,1.0
26123,7.0,0.0,1.0,0.0
26125,6021.0,458.0,1106.0,129.0
26127,3.0,1.0,0.0,0.0
26129,5.0,0.0,1.0,0.0
26131,,,,
26133,6.0,0.0,2.0,0.0
26135,4.0,0.0,0.0,0.0
26137,54.0,5.0,21.0,3.0
26139,98.0,5.0,32.0,3.0
26141,2.0,0.0,0.0,0.0
26143,9.0,0.0,0.0,0.0
26145,394.0,24.0,120.0,15.0
26147,241.0,7.0,42.0,1.0
26149,24.0,1.0,3.0,1.0
26151,32.0,3.0,9.0,1.0
26153,3.0,0.0,1.0,0.0
26155,91.0,2.0,37.0,1.0
26157,59.0,11.0,14.0,4.0
26159,31.0,2.0,10.0,1.0
26161,870.0,29.0,154.0,11.0
26163,13471.0,1070.0,2307.0,366.0
26165,7.0,1.0,0.0,0.0
27001,1.0,0.0,,
27003,85.0,2.0,17.0,2.0
27005,1.0,0.0,-1.0,0.0
27007,5.0,0.0,0.0,0.0
27009,4.0,0.0,3.0,0.0
27011,1.0,0.0,0.0,0.0
27013,23.0,0.0,1.0,0.0
27015,7.0,1.0,0.0,0.0
27017,34.0,0.0,9.0,0.0
27019,14.0,0.0,1.0,0.0
27021,4.0,0.0,0.0,0.0
27023,,,,
27025,7.0,1.0,0.0,0.0
27027,48.0,2.0,8.0,2.0
27029,3.0,0.0,1.0,0.0
27031,,,,
27033,6.0,0.0,0.0,0.0
27035,17.0,0.0,1.0,0.0
27037,113.0,5.0,18.0,1.0
27039,17.0,0.0,1.0,0.0
27041,1.0,0.0,0.0,0.0
27043,4.0,0.0,0.0,0.0
27045,11.0,0.0,1.0,0.0
27047,31.0,0.0,7.0,0.0
27049,19.0,0.0,2.0,0.0
27051,,,,
27053,875.0,69.0,318.0,35.0
27055,1.0,0.0,0.0,0.0
27057,,,,
27059,5.0,0.0,1.0,0.0
27061,2.0,0.0,0.0,0.0
27063,2.0,0.0,1.0,0.0
27065,,,,
27067,2.0,0.0,0.0,0.0
27069,1.0,0.0,,
27071,1.0,0.0,0.0,0.0
27073,1.0,0.0,0.0,0.0
27075,,,,
27077,,,,
27079,22.0,0.0,1.0,0.0
27081,2.0,0.0,0.0,0.0
27083,5.0,0.0,0.0,0.0
27085,3.0,0.0,1.0,0.0
27087,1.0,0.0,0.0,0.0
27089,,,,
27091,39.0,4.0,1.0,0.0
27093,3.0,0.0,1.0,0.0
27095,1.0,0.0,,
27097,,,,
27099,26.0,0.0,1.0,0.0
27101,3.0,0.0,2.0,0.0
27103,7.0,2.0,1.0,1.0
27105,36.0,0.0,35.0,0.0
27107,2.0,0.0,,
27109,177.0,2.0,34.0,0.0
27111,5.0,0.0,1.0,0.0
27113,,,,
27115,10.0,0.0,5.0,0.0
27117,2.0,0.0,1.0,0.0
27119,2.0,0.0,1.0,0.0
27121,,,,
27123,192.0,9.0,40.0,3.0
27125,1.0,0.0,0.0,0.0
27127,1.0,0.0,0.0,0.0
27129,3.0,0.0,0.0,0.0
27131,6.0,1.0,2.0,1.0
27133,3.0,0.0,1.0,0.0
27135,1.0,0.0,0.0,0.0
27137,46.0,8.0,8.0,3.0
27139,23.0,1.0,3.0,0.0
27141,12.0,0.0,3.0,0.0
27143,1.0,0.0,0.0,0.0
27145,16.0,0.0,9.0,0.0
27147,9.0,0.0,0.0,0.0
27149,,,,
27151,1.0,0.0,0.0,0.0
27153,2.0,0.0,0.0,0.0
27155,2.0,0.0,0.0,0.0
27157,8.0,0.0,2.0,0.0
27159,,,,
27161,3.0,0.0,0.0,0.0
27163,92.0,3.0,12.0,0.0
27165,4.0,0.0,0.0,0.0
27167,8.0,2.0,1.0,1.0
27169,57.0,8.0,27.0,2.0
27171,23.0,1.0,6.0,0.0
27173,3.0,0.0,0.0,0.0
28001,73.0,6.0,22.0,5.0
28003,7.0,0.0,0.0,0.0
28005,16.0,1.0,4.0,0.0
28007,34.0,0.0,14.0,0.0
28009,5.0,0.0,0.0,0.0
28011,79.0,5.0,11.0,2.0
28013,36.0,2.0,18.0,2.0
28015,10.0,1.0,3.0,1.0
28017,40.0,2.0,16.0,0.0
28019,11.0,1.0,1.0,0.0
28021,8.0,0.0,2.0,0.0
28023,22.0,2.0,9.0,1.0
28025,24.0,1.0,6.0,1.0
28027,46.0,1.0,8.0,0.0
28029,41.0,1.0,10.0,1.0
28031,28.0,0.0,14.0,0.0
28033,220.0,3.0,49.0,1.0
28035,137.0,3.0,42.0,1.0
28037,15.0,0.0,5.0,0.0
28039,10.0,1.0,3.0,1.0
28041,3.0,0.0,1.0,0.0
28043,19.0,0.0,9.0,0.0
28045,50.0,5.0,10.0,0.0
28047,144.0,5.0,34.0,0.0
28049,325.0,5.0,78.0,3.0
28051,58.0,4.0,14.0,1.0
28053,12.0,3.0,3.0,2.0
28055,,,,
28057,21.0,1.0,12.0,1.0
28059,201.0,6.0,61.0,1.0
28061,22.0,1.0,8.0,1.0
28063,4.0,0.0,0.0,0.0
28065,8.0,1.0,3.0,1.0
28067,63.0,0.0,30.0,0.0
28069,17.0,0.0,3.0,0.0
28071,40.0,3.0,11.0,2.0
28073,59.0,1.0,27.0,0.0
28075,190.0,14.0,55.0,6.0
28077,14.0,0.0,8.0,0.0
28079,64.0,1.0,37.0,1.0
28081,54.0,4.0,11.0,0.0
28083,75.0,6.0,30.0,2.0
28085,102.0,6.0,56.0,2.0
28087,32.0,1.0,8.0,1.0
28089,127.0,3.0,24.0,1.0
28091,39.0,0.0,18.0,0.0
28093,39.0,2.0,6.0,0.0
28095,62.0,4.0,26.0,2.0
28097,15.0,1.0,1.0,0.0
28099,55.0,1.0,24.0,1.0
28101,21.0,0.0,11.0,0.0
28103,20.0,0.0,14.0,0.0
28105,43.0,2.0,6.0,1.0
28107,30.0,2.0,8.0,0.0
28109,119.0,10.0,36.0,3.0
28111,22.0,1.0,4.0,0.0
28113,97.0,2.0,43.0,1.0
28115,17.0,2.0,2.0,1.0
28117,16.0,0.0,3.0,0.0
28119,13.0,0.0,1.0,0.0
28121,130.0,2.0,31.0,0.0
28123,106.0,0.0,52.0,0.0
28125,3.0,0.0,0.0,0.0
28127,14.0,0.0,7.0,0.0
28129,39.0,1.0,15.0,0.0
28131,17.0,0.0,7.0,0.0
28133,46.0,2.0,11.0,1.0
28135,8.0,1.0,5.0,1.0
28137,29.0,0.0,5.0,0.0
28139,46.0,7.0,3.0,1.0
28141,3.0,0.0,1.0,0.0
28143,30.0,1.0,9.0,0.0
28145,9.0,1.0,2.0,0.0
28147,23.0,0.0,5.0,0.0
28149,18.0,1.0,4.0,1.0
28151,70.0,3.0,17.0,1.0
28153,10.0,0.0,2.0,0.0
28155,15.0,1.0,1.0,0.0
28157,55.0,4.0,10.0,1.0
28159,29.0,0.0,10.0,0.0
28161,15.0,0.0,1.0,0.0
28163,85.0,1.0,22.0,0.0
29001,12.0,0.0,1.0,0.0
29003,1.0,0.0,0.0,0.0
29005,2.0,0.0,1.0,0.0
29007,,,,
29009,3.0,0.0,1.0,0.0
29011,,,,
29013,6.0,1.0,0.0,1.0
29015,3.0,0.0,0.0,0.0
29017,3.0,0.0,0.0,0.0
29019,93.0,1.0,13.0,0.0
29021,30.0,1.0,10.0,0.0
29023,23.0,0.0,10.0,0.0
29025,2.0,0.0,1.0,0.0
29027,20.0,1.0,0.0,0.0
29029,32.0,1.0,6.0,0.0
29031,36.0,1.0,8.0,0.0
29033,,,,
29035,3.0,1.0,0.0,0.0
29037,52.0,6.0,20.0,4.0
29039,5.0,0.0,0.0,0.0
29041,4.0,0.0,0.0,0.0
29043,17.0,0.0,0.0,0.0
29045,1.0,0.0,0.0,0.0
29047,56.0,1.0,8.0,0.0
29049,11.0,0.0,0.0,0.0
29051,44.0,1.0,8.0,0.0
29053,4.0,0.0,0.0,0.0
29055,5.0,0.0,1.0,0.0
29057,,,,
29059,2.0,0.0,0.0,0.0
29061,2.0,0.0,,
29063,3.0,0.0,0.0,0.0
29065,,,,
29067,,,,
29069,19.0,2.0,5.0,2.0
29071,95.0,5.0,14.0,2.0
29073,2.0,0.0,0.0,0.0
29075,1.0,0.0,0.0,0.0
29077,84.0,8.0,13.0,0.0
29079,,,,
29081,6.0,0.0,0.0,0.0
29083,6.0,1.0,2.0,0.0
29085,,,,
29087,1.0,0.0,,
29089,2.0,0.0,1.0,0.0
29091,5.0,0.0,1.0,0.0
29093,1.0,0.0,0.0,0.0
29095,268.0,11.0,55.0,4.0
29097,22.0,0.0,9.0,0.0
29099,183.0,3.0,68.0,0.0
29101,48.0,0.0,11.0,0.0
29103,,,,
29105,,,,
29107,29.0,1.0,2.0,0.0
29109,,,,
29111,1.0,0.0,,
29113,31.0,1.0,5.0,0.0
29115,5.0,1.0,2.0,1.0
29117,2.0,0.0,1.0,0.0
29119,4.0,0.0,1.0,0.0
29121,2.0,0.0,0.0,0.0
29123,1.0,0.0,0.0,0.0
29125,2.0,0.0,0.0,0.0
29127,1.0,0.0,,
29129,,,,
29131,1.0,0.0,,
29133,,,,
29135,19.0,0.0,16.0,0.0
29137,,,,
29139,7.0,0.0,1.0,0.0
29141,2.0,0.0,1.0,0.0
29143,8.0,0.0,0.0,0.0
29145,9.0,0.0,1.0,0.0
29147,3.0,0.0,1.0,0.0
29149,1.0,0.0,0.0,0.0
29151,4.0,0.0,0.0,0.0
29153,,,,
29155,12.0,0.0,8.0,0.0
29157,39.0,0.0,4.0,0.0
29159,13.0,0.0,10.0,0.0
29161,1.0,0.0,0.0,0.0
29163,6.0,0.0,0.0,0.0
29165,27.0,0.0,2.0,0.0
29167,1.0,0.0,0.0,0.0
29169,26.0,1.0,16.0,0.0
29171,,,,
29173,1.0,0.0,0.0,0.0
29175,8.0,0.0,0.0,0.0
29177,7.0,0.0,0.0,0.0
29179,2.0,0.0,0.0,0.0
29181,4.0,0.0,1.0,0.0
29183,426.0,18.0,98.0,7.0
29185,2.0,0.0,0.0,0.0
29186,7.0,1.0,0.0,0.0
29187,23.0,1.0,0.0,0.0
29189,2163.0,80.0,530.0,38.0
29195,51.0,0.0,29.0,0.0
29197,,,,
29199,4.0,0.0,1.0,0.0
29201,49.0,1.0,34.0,1.0
29203,,,,
29205,1.0,0.0,0.0,0.0
29207,16.0,0.0,7.0,0.0
29209,3.0,0.0,0.0,0.0
29211,,,,
29213,9.0,1.0,2.0,0.0
29215,,,,
29217,4.0,0.0,1.0,0.0
29219,18.0,0.0,6.0,0.0
29221,4.0,0.0,3.0,0.0
29223,,,,
29225,8.0,0.0,4.0,0.0
29227,1.0,0.0,0.0,0.0
29229,9.0,0.0,2.0,0.0
29510,808.0,30.0,194.0,13.0
30001,1.0,0.0,0.0,0.0
30003,3.0,0.0,2.0,0.0
30005,,,,
30007,4.0,0.0,0.0,0.0
30009,6.0,0.0,0.0,0.0
30011,,,,
30013,13.0,1.0,0.0,1.0
30015,,,,
30017,,,,
30019,,,,
30021,,,,
30023,3.0,0.0,0.0,0.0
30025,,,,
30027,,,,
30029,37.0,1.0,3.0,1.0
30031,142.0,0.0,4.0,0.0
30033,,,,
30035,4.0,0.0,1.0,0.0
30037,3.0,0.0,2.0,0.0
30039,,,,
30041,1.0,0.0,0.0,0.0
30043,2.0,0.0,0.0,0.0
30045,,,,
30047,5.0,0.0,0.0,0.0
30049,16.0,0.0,0.0,0.0
30051,1.0,0.0,0.0,0.0
30053,7.0,1.0,0.0,0.0
30055,,,,
30057,8.0,1.0,0.0,0.0
30059,1.0,0.0,0.0,0.0
30061,,,,
30063,35.0,1.0,5.0,0.0
30065,1.0,0.0,0.0,0.0
30067,7.0,0.0,0.0,0.0
30069,,,,
30071,,,,
30073,1.0,0.0,,
30075,,,,
30077,,,,
30079,,,,
30081,5.0,0.0,2.0,0.0
30083,3.0,0.0,0.0,0.0
30085,6.0,0.0,3.0,0.0
30087,,,,
30089,,,,
30091,,,,
30093,11.0,0.0,0.0,0.0
30095,1.0,0.0,0.0,0.0
30097,,,,
30099,,,,
30101,29.0,4.0,4.0,1.0
30103,,,,
30105,,,,
30107,,,,
30109,,,,
30111,70.0,1.0,12.0,1.0
31001,94.0,1.0,40.0,1.0
31003,1.0,0.0,0.0,0.0
31005,,,,
31007,,,,
31009,,,,
31011,,,,
31013,1.0,0.0,0.0,0.0
31015,,,,
31017,,,,
31019,49.0,1.0,13.0,0.0
31021,1.0,0.0,0.0,0.0
31023,1.0,0.0,,
31025,3.0,0.0,0.0,0.0
31027,,,,
31029,,,,
31031,1.0,0.0,0.0,0.0
31033,4.0,0.0,1.0,0.0
31035,3.0,0.0,1.0,0.0
31037,4.0,0.0,0.0,0.0
31039,2.0,0.0,0.0,0.0
31041,19.0,2.0,0.0,1.0
31043,28.0,0.0,26.0,0.0
31045,,,,
31047,43.0,0.0,30.0,0.0
31049,,,,
31051,,,,
31053,16.0,0.0,6.0,0.0
31055,297.0,8.0,41.0,1.0
31057,,,,
31059,,,,
31061,3.0,0.0,0.0,0.0
31063,,,,
31065,1.0,0.0,,
31067,28.0,2.0,2.0,1.0
31069,,,,
31071,,,,
31073,5.0,0.0,4.0,0.0
31075,,,,
31077,,,,
31079,468.0,8.0,307.0,4.0
31081,17.0,1.0,6.0,1.0
31083,,,,
31085,,,,
31087,,,,
31089,,,,
31091,,,,
31093,3.0,0.0,,
31095,,,,
31097,2.0,0.0,1.0,0.0
31099,3.0,0.0,0.0,0.0
31101,,,,
31103,,,,
31105,10.0,0.0,1.0,0.0
31107,2.0,0.0,0.0,0.0
31109,73.0,1.0,19.0,0.0
31111,18.0,1.0,1.0,0.0
31113,,,,
31115,,,,
31117,,,,
31119,8.0,2.0,2.0,0.0
31121,6.0,0.0,4.0,0.0
31123,1.0,0.0,,
31125,1.0,0.0,,
31127,1.0,0.0,0.0,0.0
31129,,,,
31131,1.0,0.0,0.0,0.0
31133,,,,
31135,,,,
31137,1.0,0.0,0.0,0.0
31139,1.0,0.0,0.0,0.0
31141,7.0,0.0,1.0,0.0
31143,5.0,0.0,3.0,0.0
31145,1.0,0.0,,
31147,,,,
31149,,,,
31151,6.0,0.0,,
31153,52.0,0.0,11.0,0.0
31155,6.0,0.0,0.0,0.0
31157,18.0,0.0,4.0,0.0
31159,2.0,0.0,1.0,0.0
31161,,,,
31163,,,,
31165,,,,
31167,1.0,0.0,0.0,0.0
31169,,,,
31171,,,,
31173,,,,
31175,,,,
31177,20.0,1.0,0.0,1.0
31179,1.0,0.0,0.0,0.0
31181,2.0,0.0,1.0,0.0
31183,,,,
31185,7.0,0.0,3.0,0.0
32001,3.0,0.0,,
32003,2882.0,133.0,558.0,33.0
32005,15.0,0.0,5.0,0.0
32007,12.0,1.0,1.0,0.0
32009,,,,
32011,,,,
32013,26.0,2.0,6.0,2.0
32015,,,,
32017,,,,
32019,16.0,0.0,9.0,0.0
32021,1.0,0.0,,
32023,28.0,0.0,18.0,0.0
32027,,,,
32029,,,,
32031,606.0,16.0,145.0,4.0
32033,3.0,0.0,2.0,0.0
32510,28.0,0.0,12.0,0.0
33001,25.0,0.0,3.0,0.0
33003,30.0,0.0,2.0,0.0
33005,28.0,2.0,9.0,0.0
33007,2.0,0.0,0.0,0.0
33009,45.0,0.0,0.0,0.0
33011,552.0,23.0,167.0,8.0
33013,92.0,3.0,19.0,1.0
33015,466.0,8.0,121.0,5.0
33017,92.0,0.0,33.0,0.0
33019,10.0,1.0,4.0,0.0
34001,382.0,19.0,129.0,11.0
34003,12163.0,741.0,2379.0,288.0
34005,1456.0,57.0,361.0,34.0
34007,1918.0,73.0,648.0,41.0
34009,199.0,14.0,54.0,5.0
34011,272.0,4.0,107.0,1.0
34013,9901.0,732.0,2491.0,304.0
34015,683.0,23.0,151.0,14.0
34017,9956.0,434.0,2487.0,208.0
34019,391.0,17.0,77.0,6.0
34021,2215.0,110.0,648.0,60.0
34023,7624.0,313.0,1931.0,120.0
34025,4528.0,221.0,743.0,98.0
34027,3984.0,255.0,885.0,93.0
34029,4548.0,212.0,994.0,74.0
34031,7936.0,243.0,2346.0,112.0
34033,105.0,4.0,44.0,0.0
34035,2283.0,146.0,551.0,67.0
34037,626.0,55.0,143.0,20.0
34039,8959.0,356.0,2779.0,147.0
34041,543.0,39.0,148.0,17.0
35001,527.0,23.0,87.0,7.0
35003,1.0,0.0,0.0,0.0
35005,21.0,0.0,2.0,0.0
35006,33.0,2.0,8.0,1.0
35007,4.0,0.0,3.0,0.0
35009,10.0,0.0,0.0,0.0
35011,,,,
35013,67.0,1.0,18.0,0.0
35015,9.0,1.0,2.0,0.0
35017,13.0,0.0,4.0,0.0
35019,1.0,0.0,,
35021,,,,
35023,,,,
35025,2.0,0.0,0.0,0.0
35027,1.0,0.0,0.0,0.0
35028,6.0,0.0,1.0,0.0
35029,3.0,0.0,1.0,0.0
35031,356.0,5.0,212.0,3.0
35033,,,,
35035,3.0,0.0,-1.0,0.0
35037,2.0,0.0,1.0,0.0
35039,10.0,0.0,3.0,0.0
35041,1.0,0.0,0.0,0.0
35043,311.0,6.0,76.0,3.0
35045,260.0,14.0,109.0,12.0
35047,2.0,0.0,1.0,0.0
35049,82.0,0.0,7.0,0.0
35051,,,,
35053,20.0,1.0,8.0,1.0
35055,15.0,0.0,0.0,0.0
35057,12.0,0.0,2.0,0.0
35059,,,,
35061,26.0,0.0,8.0,0.0
36001,648.0,26.0,170.0,10.0
36003,30.0,0.0,4.0,0.0
36005,,,,
36007,186.0,6.0,60.0,0.0
36009,34.0,0.0,6.0,0.0
36011,36.0,1.0,7.0,0.0
36013,25.0,1.0,3.0,0.0
36015,72.0,2.0,12.0,0.0
36017,77.0,0.0,14.0,0.0
36019,48.0,3.0,5.0,1.0
36021,105.0,13.0,26.0,5.0
36023,25.0,0.0,7.0,0.0
36025,49.0,0.0,10.0,0.0
36027,2201.0,45.0,363.0,15.0
36029,1997.0,115.0,426.0,40.0
36031,22.0,0.0,10.0,0.0
36033,13.0,0.0,1.0,0.0
36035,27.0,0.0,6.0,0.0
36037,87.0,2.0,18.0,2.0
36039,82.0,0.0,38.0,0.0
36041,3.0,0.0,0.0,0.0
36043,47.0,1.0,10.0,0.0
36045,50.0,0.0,4.0,0.0
36047,,,,
36049,8.0,0.0,2.0,0.0
36051,37.0,1.0,7.0,0.0
36053,105.0,1.0,4.0,0.0
36055,1008.0,49.0,210.0,7.0
36057,34.0,1.0,5.0,0.0
36059,29180.0,1356.0,5627.0,326.0
36061,,,,
36063,234.0,8.0,51.0,3.0
36065,268.0,4.0,73.0,2.0
36067,492.0,15.0,95.0,2.0
36069,69.0,2.0,12.0,1.0
36071,6281.0,144.0,1254.0,32.0
36073,41.0,0.0,16.0,0.0
36075,45.0,0.0,7.0,0.0
36077,47.0,4.0,4.0,2.0
36079,582.0,29.0,85.0,6.0
36081,,,,
36083,164.0,9.0,59.0,3.0
36085,,,,
36087,9171.0,234.0,1450.0,68.0
36089,98.0,1.0,13.0,0.0
36091,244.0,1.0,48.0,0.0
36093,259.0,17.0,60.0,5.0
36095,20.0,0.0,8.0,0.0
36097,6.0,0.0,1.0,0.0
36099,18.0,1.0,2.0,1.0
36101,160.0,5.0,39.0,1.0
36103,26143.0,706.0,5327.0,177.0
36105,524.0,7.0,166.0,0.0
36107,32.0,0.0,13.0,0.0
36109,117.0,2.0,8.0,0.0
36111,820.0,2.0,208.0,0.0
36113,94.0,5.0,48.0,4.0
36115,52.0,0.0,18.0,0.0
36117,49.0,0.0,7.0,0.0
36119,23179.0,738.0,3866.0,176.0
36121,36.0,3.0,5.0,3.0
36123,9.0,0.0,6.0,0.0
37001,47.0,0.0,11.0,0.0
37003,3.0,0.0,1.0,0.0
37005,2.0,0.0,0.0,0.0
37007,15.0,0.0,5.0,0.0
37009,4.0,0.0,0.0,0.0
37011,,,,
37013,13.0,0.0,0.0,0.0
37015,20.0,1.0,8.0,0.0
37017,2.0,0.0,0.0,0.0
37019,36.0,2.0,3.0,0.0
37021,45.0,3.0,9.0,1.0
37023,66.0,5.0,6.0,2.0
37025,204.0,3.0,87.0,2.0
37027,21.0,0.0,4.0,0.0
37029,,,,
37031,22.0,2.0,1.0,1.0
37033,7.0,0.0,4.0,0.0
37035,40.0,1.0,8.0,0.0
37037,101.0,0.0,38.0,0.0
37039,14.0,1.0,4.0,0.0
37041,6.0,0.0,3.0,0.0
37043,5.0,0.0,2.0,0.0
37045,42.0,1.0,4.0,1.0
37047,51.0,2.0,20.0,1.0
37049,33.0,2.0,8.0,1.0
37051,105.0,3.0,21.0,2.0
37053,2.0,0.0,-1.0,0.0
37055,11.0,1.0,0.0,0.0
37057,94.0,2.0,9.0,0.0
37059,23.0,2.0,2.0,0.0
37061,22.0,0.0,7.0,0.0
37063,380.0,4.0,102.0,3.0
37065,49.0,1.0,26.0,0.0
37067,124.0,5.0,10.0,1.0
37069,69.0,7.0,5.0,7.0
37071,107.0,3.0,26.0,0.0
37073,4.0,0.0,0.0,0.0
37075,,,,
37077,109.0,5.0,20.0,5.0
37079,13.0,0.0,3.0,0.0
37081,168.0,13.0,33.0,4.0
37083,30.0,1.0,10.0,1.0
37085,55.0,3.0,14.0,1.0
37087,5.0,0.0,2.0,0.0
37089,108.0,11.0,32.0,9.0
37091,6.0,1.0,2.0,0.0
37093,23.0,0.0,5.0,0.0
37095,,,,
37097,79.0,2.0,9.0,1.0
37099,3.0,0.0,,
37101,121.0,9.0,24.0,5.0
37103,8.0,1.0,1.0,0.0
37105,30.0,0.0,15.0,0.0
37107,18.0,0.0,4.0,0.0
37109,19.0,0.0,4.0,0.0
37111,19.0,0.0,3.0,0.0
37113,2.0,1.0,0.0,0.0
37115,,,,
37117,8.0,0.0,2.0,0.0
37119,1153.0,24.0,199.0,12.0
37121,5.0,0.0,1.0,0.0
37123,17.0,1.0,5.0,0.0
37125,67.0,0.0,1.0,0.0
37127,53.0,1.0,21.0,0.0
37129,62.0,1.0,8.0,0.0
37131,69.0,2.0,8.0,2.0
37133,33.0,1.0,4.0,0.0
37135,183.0,3.0,33.0,1.0
37137,6.0,0.0,0.0,0.0
37139,20.0,0.0,5.0,0.0
37141,6.0,0.0,1.0,0.0
37143,8.0,0.0,4.0,0.0
37145,16.0,0.0,8.0,0.0
37147,89.0,1.0,26.0,0.0
37149,10.0,0.0,1.0,0.0
37151,69.0,2.0,19.0,0.0
37153,18.0,2.0,8.0,1.0
37155,18.0,0.0,10.0,0.0
37157,16.0,2.0,2.0,0.0
37159,244.0,12.0,133.0,10.0
37161,65.0,2.0,28.0,0.0
37163,19.0,0.0,8.0,0.0
37165,11.0,0.0,2.0,0.0
37167,20.0,3.0,4.0,2.0
37169,10.0,0.0,1.0,0.0
37171,17.0,0.0,7.0,0.0
37173,,,,
37175,7.0,0.0,1.0,0.0
37177,4.0,0.0,,
37179,139.0,3.0,38.0,2.0
37181,30.0,1.0,11.0,1.0
37183,579.0,4.0,109.0,4.0
37185,3.0,0.0,0.0,0.0
37187,19.0,2.0,4.0,1.0
37189,8.0,0.0,0.0,0.0
37191,316.0,4.0,247.0,3.0
37193,4.0,1.0,0.0,0.0
37195,103.0,4.0,39.0,1.0
37197,11.0,1.0,1.0,1.0
37199,,,,
38001,,,,
38003,3.0,0.0,1.0,0.0
38005,,,,
38007,,,,
38009,,,,
38011,1.0,0.0,0.0,0.0
38013,2.0,0.0,0.0,0.0
38015,61.0,0.0,11.0,0.0
38017,197.0,2.0,90.0,0.0
38019,,,,
38021,,,,
38023,1.0,0.0,0.0,0.0
38025,6.0,0.0,4.0,0.0
38027,1.0,0.0,0.0,0.0
38029,1.0,1.0,0.0,0.0
38031,1.0,0.0,0.0,0.0
38033,,,,
38035,99.0,0.0,88.0,0.0
38037,1.0,0.0,0.0,0.0
38039,,,,
38041,,,,
38043,,,,
38045,,,,
38047,,,,
38049,1.0,1.0,0.0,0.0
38051,1.0,0.0,0.0,0.0
38053,10.0,0.0,4.0,0.0
38055,3.0,0.0,1.0,0.0
38057,,,,
38059,21.0,2.0,2.0,1.0
38061,29.0,0.0,8.0,0.0
38063,,,,
38065,1.0,0.0,0.0,0.0
38067,,,,
38069,2.0,0.0,0.0,0.0
38071,3.0,0.0,0.0,0.0
38073,,,,
38075,,,,
38077,5.0,0.0,3.0,0.0
38079,1.0,0.0,0.0,0.0
38081,1.0,0.0,0.0,0.0
38083,,,,
38085,1.0,0.0,0.0,0.0
38087,3.0,0.0,0.0,0.0
38089,38.0,2.0,6.0,0.0
38091,,,,
38093,1.0,0.0,0.0,0.0
38095,,,,
38097,,,,
38099,3.0,0.0,0.0,0.0
38101,20.0,1.0,0.0,0.0
38103,,,,
38105,10.0,0.0,2.0,0.0
39001,3.0,0.0,0.0,0.0
39003,70.0,11.0,37.0,9.0
39005,5.0,0.0,0.0,0.0
39007,64.0,4.0,38.0,2.0
39009,3.0,1.0,0.0,0.0
39011,22.0,2.0,8.0,1.0
39013,68.0,3.0,18.0,1.0
39015,9.0,1.0,3.0,0.0
39017,164.0,2.0,47.0,0.0
39019,15.0,0.0,2.0,0.0
39021,7.0,1.0,1.0,0.0
39023,26.0,0.0,6.0,0.0
39025,71.0,1.0,30.0,0.0
39027,26.0,0.0,11.0,0.0
39029,161.0,13.0,56.0,7.0
39031,16.0,0.0,0.0,0.0
39033,36.0,0.0,20.0,0.0
39035,1453.0,52.0,301.0,29.0
39037,55.0,10.0,10.0,2.0
39039,13.0,0.0,2.0,0.0
39041,119.0,3.0,25.0,1.0
39043,27.0,1.0,17.0,0.0
39045,97.0,2.0,16.0,2.0
39047,13.0,0.0,4.0,0.0
39049,1403.0,27.0,460.0,13.0
39051,14.0,0.0,7.0,0.0
39053,6.0,1.0,1.0,0.0
39055,98.0,4.0,37.0,2.0
39057,39.0,2.0,11.0,1.0
39059,10.0,0.0,4.0,0.0
39061,701.0,30.0,166.0,13.0
39063,30.0,1.0,11.0,0.0
39065,15.0,0.0,10.0,0.0
39067,2.0,0.0,,
39069,3.0,0.0,2.0,0.0
39071,7.0,0.0,1.0,0.0
39073,4.0,0.0,2.0,0.0
39075,3.0,0.0,0.0,0.0
39077,15.0,1.0,1.0,0.0
39079,4.0,0.0,2.0,0.0
39081,26.0,0.0,2.0,0.0
39083,11.0,1.0,1.0,0.0
39085,131.0,6.0,17.0,0.0
39087,20.0,0.0,4.0,0.0
39089,94.0,4.0,11.0,1.0
39091,13.0,0.0,6.0,0.0
39093,291.0,16.0,115.0,11.0
39095,724.0,31.0,221.0,10.0
39097,30.0,3.0,7.0,0.0
39099,572.0,45.0,155.0,14.0
39101,983.0,1.0,930.0,1.0
39103,132.0,10.0,22.0,3.0
39105,2.0,0.0,1.0,0.0
39107,13.0,1.0,0.0,0.0
39109,129.0,22.0,12.0,7.0
39111,2.0,0.0,0.0,0.0
39113,229.0,8.0,31.0,3.0
39115,3.0,0.0,1.0,0.0
39117,19.0,0.0,11.0,0.0
39119,8.0,0.0,0.0,0.0
39121,3.0,0.0,2.0,0.0
39123,27.0,0.0,17.0,0.0
39125,5.0,0.0,0.0,0.0
39127,9.0,0.0,1.0,0.0
39129,302.0,4.0,244.0,4.0
39131,1.0,0.0,0.0,0.0
39133,168.0,24.0,29.0,9.0
39135,21.0,1.0,6.0,0.0
39137,14.0,0.0,,
39139,60.0,1.0,24.0,0.0
39141,33.0,0.0,16.0,0.0
39143,17.0,2.0,6.0,0.0
39145,7.0,0.0,3.0,0.0
39147,11.0,1.0,2.0,0.0
39149,28.0,0.0,1.0,0.0
39151,221.0,23.0,67.0,12.0
39153,340.0,20.0,83.0,6.0
39155,231.0,16.0,63.0,8.0
39157,31.0,0.0,4.0,0.0
39159,12.0,0.0,2.0,0.0
39161,2.0,0.0,0.0,0.0
39163,,,,
39165,112.0,8.0,37.0,7.0
39167,57.0,6.0,18.0,5.0
39169,77.0,12.0,27.0,7.0
39171,7.0,1.0,4.0,1.0
39173,80.0,9.0,26.0,6.0
39175,17.0,2.0,6.0,0.0
40001,41.0,3.0,14.0,1.0
40003,1.0,0.0,,
40005,1.0,0.0,0.0,0.0
40007,2.0,0.0,1.0,0.0
40009,2.0,0.0,1.0,0.0
40011,,,,
40013,5.0,0.0,2.0,0.0
40015,51.0,2.0,42.0,2.0
40017,72.0,3.0,16.0,2.0
40019,1.0,0.0,0.0,0.0
40021,24.0,1.0,6.0,0.0
40023,3.0,0.0,1.0,0.0
40025,,,,
40027,308.0,21.0,44.0,4.0
40029,,,,
40031,65.0,0.0,16.0,0.0
40033,5.0,0.0,1.0,0.0
40035,8.0,0.0,1.0,0.0
40037,67.0,4.0,12.0,1.0
40039,9.0,0.0,4.0,0.0
40041,80.0,4.0,30.0,4.0
40043,2.0,0.0,1.0,0.0
40045,,,,
40047,10.0,1.0,4.0,0.0
40049,10.0,0.0,0.0,0.0
40051,20.0,1.0,9.0,1.0
40053,2.0,0.0,0.0,0.0
40055,55.0,5.0,6.0,1.0
40057,,,,
40059,1.0,0.0,,
40061,2.0,0.0,,
40063,,,,
40065,6.0,0.0,-1.0,0.0
40067,1.0,0.0,0.0,0.0
40069,3.0,0.0,,
40071,46.0,4.0,3.0,1.0
40073,6.0,0.0,1.0,0.0
40075,3.0,0.0,2.0,0.0
40077,4.0,1.0,0.0,0.0
40079,6.0,0.0,3.0,0.0
40081,10.0,0.0,-1.0,0.0
40083,9.0,0.0,2.0,0.0
40085,2.0,0.0,0.0,0.0
40087,23.0,0.0,5.0,0.0
40089,7.0,0.0,4.0,0.0
40091,2.0,0.0,,
40093,2.0,1.0,1.0,1.0
40095,2.0,0.0,1.0,0.0
40097,19.0,3.0,5.0,1.0
40099,1.0,0.0,0.0,0.0
40101,26.0,3.0,5.0,1.0
40103,6.0,0.0,0.0,0.0
40105,13.0,0.0,3.0,0.0
40107,1.0,0.0,0.0,0.0
40109,550.0,23.0,115.0,4.0
40111,15.0,0.0,2.0,0.0
40113,64.0,8.0,14.0,1.0
40115,27.0,0.0,9.0,0.0
40117,28.0,2.0,2.0,0.0
40119,37.0,0.0,9.0,0.0
40121,17.0,1.0,9.0,1.0
40123,10.0,1.0,1.0,1.0
40125,35.0,4.0,9.0,1.0
40127,,,,
40129,,,,
40131,38.0,2.0,13.0,2.0
40133,7.0,1.0,0.0,0.0
40135,10.0,2.0,1.0,0.0
40137,15.0,1.0,1.0,0.0
40139,13.0,1.0,10.0,1.0
40141,2.0,0.0,1.0,0.0
40143,409.0,22.0,77.0,4.0
40145,108.0,8.0,39.0,4.0
40147,138.0,6.0,34.0,4.0
40149,,,,
40151,1.0,0.0,,
40153,1.0,0.0,0.0,0.0
41001,,,,
41003,27.0,4.0,4.0,2.0
41005,154.0,5.0,29.0,2.0
41007,6.0,0.0,0.0,0.0
41009,14.0,0.0,4.0,0.0
41011,1.0,0.0,0.0,0.0
41013,1.0,0.0,0.0,0.0
41015,4.0,0.0,1.0,0.0
41017,63.0,0.0,9.0,0.0
41019,22.0,0.0,8.0,0.0
41021,,,,
41023,1.0,0.0,0.0,0.0
41025,,,,
41027,4.0,0.0,0.0,0.0
41029,49.0,0.0,3.0,0.0
41031,1.0,0.0,,
41033,19.0,1.0,1.0,0.0
41035,31.0,0.0,6.0,0.0
41037,,,,
41039,46.0,1.0,9.0,0.0
41041,4.0,0.0,0.0,0.0
41043,59.0,6.0,7.0,2.0
41045,5.0,0.0,1.0,0.0
41047,335.0,13.0,59.0,4.0
41049,5.0,0.0,0.0,0.0
41051,493.0,28.0,119.0,9.0
41053,32.0,1.0,2.0,0.0
41055,1.0,0.0,0.0,0.0
41057,6.0,0.0,2.0,0.0
41059,25.0,0.0,9.0,0.0
41061,4.0,0.0,0.0,0.0
41063,1.0,0.0,0.0,0.0
41065,10.0,0.0,0.0,0.0
41067,387.0,7.0,39.0,1.0
41069,,,,
41071,34.0,6.0,4.0,0.0
42001,74.0,1.0,26.0,0.0
42003,1009.0,47.0,152.0,28.0
42005,36.0,2.0,9.0,1.0
42007,278.0,31.0,133.0,18.0
42009,14.0,1.0,9.0,0.0
42011,1748.0,40.0,713.0,20.0
42013,14.0,0.0,4.0,0.0
42015,24.0,0.0,6.0,0.0
42017,1689.0,77.0,460.0,39.0
42019,160.0,5.0,27.0,1.0
42021,17.0,1.0,4.0,0.0
42023,1.0,0.0,0.0,0.0
42025,136.0,8.0,34.0,5.0
42027,73.0,1.0,3.0,1.0
42029,831.0,36.0,269.0,19.0
42031,18.0,1.0,3.0,1.0
42033,9.0,0.0,0.0,0.0
42035,11.0,0.0,3.0,0.0
42037,184.0,4.0,78.0,1.0
42039,16.0,0.0,1.0,0.0
42041,176.0,4.0,66.0,1.0
42043,343.0,9.0,114.0,5.0
42045,2372.0,78.0,778.0,39.0
42047,2.0,0.0,0.0,0.0
42049,58.0,1.0,19.0,0.0
42051,66.0,3.0,12.0,0.0
42053,7.0,0.0,2.0,0.0
42055,106.0,0.0,42.0,0.0
42057,2.0,0.0,1.0,0.0
42059,24.0,0.0,1.0,0.0
42061,12.0,0.0,2.0,0.0
42063,47.0,4.0,7.0,4.0
42065,2.0,0.0,0.0,0.0
42067,66.0,0.0,28.0,0.0
42069,620.0,35.0,193.0,15.0
42071,1113.0,93.0,341.0,69.0
42073,60.0,5.0,11.0,1.0
42075,458.0,4.0,188.0,3.0
42077,2141.0,29.0,457.0,11.0
42079,1712.0,32.0,301.0,15.0
42081,36.0,0.0,13.0,0.0
42083,4.0,0.0,2.0,0.0
42085,57.0,1.0,17.0,1.0
42087,19.0,0.0,7.0,0.0
42089,943.0,34.0,148.0,11.0
42091,2781.0,147.0,617.0,79.0
42093,49.0,0.0,20.0,0.0
42095,1396.0,29.0,314.0,6.0
42097,67.0,0.0,30.0,0.0
42099,20.0,1.0,4.0,0.0
42101,9014.0,342.0,2662.0,214.0
42103,295.0,8.0,83.0,2.0
42105,4.0,0.0,0.0,0.0
42107,254.0,5.0,66.0,3.0
42109,27.0,1.0,7.0,0.0
42111,17.0,0.0,5.0,0.0
42113,1.0,0.0,0.0,0.0
42115,59.0,1.0,34.0,0.0
42117,14.0,1.0,1.0,0.0
42119,27.0,0.0,8.0,0.0
42121,6.0,0.0,0.0,0.0
42123,1.0,0.0,0.0,0.0
42125,79.0,2.0,11.0,2.0
42127,84.0,2.0,21.0,1.0
42129,280.0,19.0,57.0,7.0
42131,16.0,1.0,7.0,1.0
42133,463.0,4.0,156.0,1.0
44001,59.0,0.0,20.0,0.0
44003,316.0,0.0,147.0,0.0
44005,103.0,0.0,29.0,0.0
44007,3014.0,20.0,1736.0,0.0
44009,184.0,0.0,68.0,0.0
45001,15.0,0.0,6.0,0.0
45003,67.0,4.0,17.0,3.0
45005,6.0,0.0,1.0,0.0
45007,133.0,5.0,27.0,0.0
45009,7.0,0.0,0.0,0.0
45011,5.0,0.0,0.0,0.0
45013,220.0,6.0,26.0,0.0
45015,124.0,3.0,41.0,2.0
45017,6.0,1.0,0.0,0.0
45019,385.0,3.0,46.0,1.0
45021,13.0,0.0,5.0,0.0
45023,23.0,0.0,4.0,0.0
45025,35.0,0.0,13.0,0.0
45027,109.0,6.0,24.0,2.0
45029,23.0,1.0,7.0,1.0
45031,59.0,0.0,20.0,0.0
45033,17.0,0.0,12.0,0.0
45035,84.0,1.0,13.0,0.0
45037,11.0,0.0,1.0,0.0
45039,25.0,0.0,4.0,0.0
45041,128.0,8.0,56.0,1.0
45043,32.0,2.0,1.0,1.0
45045,486.0,11.0,147.0,3.0
45047,34.0,0.0,17.0,0.0
45049,20.0,0.0,13.0,0.0
45051,176.0,12.0,42.0,5.0
45053,16.0,0.0,5.0,0.0
45055,195.0,8.0,16.0,4.0
45057,73.0,2.0,8.0,2.0
45059,19.0,1.0,5.0,0.0
45061,40.0,5.0,11.0,2.0
45063,271.0,9.0,59.0,3.0
45065,6.0,1.0,3.0,0.0
45067,13.0,1.0,6.0,0.0
45069,25.0,0.0,11.0,0.0
45071,23.0,1.0,10.0,0.0
45073,16.0,0.0,2.0,0.0
45075,41.0,0.0,4.0,0.0
45077,38.0,0.0,10.0,0.0
45079,626.0,14.0,132.0,4.0
45081,10.0,0.0,4.0,0.0
45083,211.0,5.0,37.0,1.0
45085,181.0,6.0,33.0,2.0
45087,23.0,0.0,1.0,0.0
45089,20.0,0.0,5.0,0.0
45091,156.0,3.0,22.0,0.0
46003,1.0,0.0,0.0,0.0
46005,21.0,2.0,0.0,0.0
46007,,,,
46009,4.0,0.0,0.0,0.0
46011,9.0,0.0,1.0,0.0
46013,18.0,0.0,4.0,0.0
46015,,,,
46017,,,,
46019,,,,
46021,,,,
46023,4.0,0.0,0.0,0.0
46025,1.0,0.0,0.0,0.0
46027,5.0,0.0,-1.0,0.0
46029,13.0,0.0,1.0,0.0
46031,1.0,0.0,0.0,0.0
46033,,,,
46035,3.0,1.0,0.0,0.0
46037,1.0,0.0,,
46039,1.0,0.0,0.0,0.0
46041,,,,
46043,,,,
46045,,,,
46047,1.0,0.0,0.0,0.0
46049,1.0,0.0,0.0,0.0
46051,,,,
46053,,,,
46055,,,,
46057,2.0,0.0,1.0,0.0
46059,,,,
46061,,,,
46063,,,,
46065,5.0,0.0,0.0,0.0
46067,2.0,0.0,0.0,0.0
46069,1.0,0.0,,
46071,,,,
46073,4.0,0.0,1.0,0.0
46075,,,,
46077,,,,
46079,3.0,0.0,1.0,0.0
46081,9.0,0.0,0.0,0.0
46083,86.0,0.0,40.0,0.0
46085,2.0,0.0,0.0,0.0
46087,3.0,1.0,1.0,0.0
46089,,,,
46091,1.0,0.0,0.0,0.0
46093,1.0,0.0,0.0,0.0
46095,,,,
46097,1.0,0.0,0.0,0.0
46099,1276.0,3.0,749.0,1.0
46101,1.0,0.0,,
46103,10.0,0.0,2.0,0.0
46105,,,,
46107,,,,
46109,4.0,0.0,0.0,0.0
46111,3.0,0.0,2.0,0.0
46113,,,,
46115,3.0,0.0,0.0,0.0
46117,,,,
46119,1.0,0.0,0.0,0.0
46121,1.0,0.0,0.0,0.0
46123,,,,
46125,5.0,0.0,0.0,0.0
46127,5.0,0.0,1.0,0.0
46129,5.0,0.0,4.0,0.0
46135,23.0,0.0,3.0,0.0
46137,,,,
47001,15.0,1.0,3.0,0.0
47003,62.0,2.0,45.0,1.0
47005,4.0,0.0,0.0,0.0
47007,9.0,0.0,6.0,0.0
47009,46.0,3.0,0.0,0.0
47011,38.0,1.0,7.0,1.0
47013,13.0,1.0,3.0,1.0
47015,9.0,0.0,2.0,0.0
47017,13.0,0.0,3.0,0.0
47019,5.0,1.0,2.0,1.0
47021,22.0,0.0,5.0,0.0
47023,6.0,0.0,0.0,0.0
47025,5.0,0.0,2.0,0.0
47027,5.0,0.0,3.0,0.0
47029,11.0,0.0,8.0,0.0
47031,19.0,0.0,8.0,0.0
47033,3.0,0.0,,
47035,57.0,0.0,17.0,0.0
47037,1680.0,20.0,332.0,7.0
47039,5.0,0.0,4.0,0.0
47041,10.0,0.0,1.0,0.0
47043,43.0,0.0,13.0,0.0
47045,25.0,0.0,7.0,0.0
47047,45.0,1.0,15.0,1.0
47049,4.0,0.0,2.0,0.0
47051,23.0,1.0,1.0,0.0
47053,28.0,0.0,9.0,0.0
47055,5.0,0.0,2.0,0.0
47057,4.0,0.0,0.0,0.0
47059,30.0,2.0,4.0,1.0
47061,25.0,1.0,4.0,1.0
47063,7.0,1.0,3.0,0.0
47065,116.0,12.0,11.0,2.0
47067,,,,
47069,7.0,0.0,0.0,0.0
47071,4.0,0.0,2.0,0.0
47073,27.0,2.0,5.0,0.0
47075,13.0,1.0,0.0,0.0
47077,4.0,0.0,2.0,0.0
47079,9.0,0.0,3.0,0.0
47081,2.0,0.0,0.0,0.0
47083,4.0,0.0,1.0,0.0
47085,4.0,0.0,0.0,0.0
47087,11.0,0.0,6.0,0.0
47089,15.0,0.0,1.0,0.0
47091,2.0,0.0,0.0,0.0
47093,194.0,4.0,25.0,0.0
47095,4.0,0.0,,
47097,13.0,0.0,5.0,0.0
47099,15.0,0.0,3.0,0.0
47101,2.0,0.0,0.0,0.0
47103,9.0,0.0,1.0,0.0
47105,21.0,0.0,5.0,0.0
47107,6.0,0.0,2.0,0.0
47109,9.0,0.0,0.0,0.0
47111,46.0,7.0,21.0,5.0
47113,83.0,0.0,27.0,0.0
47115,28.0,1.0,4.0,0.0
47117,16.0,1.0,7.0,0.0
47119,34.0,1.0,2.0,0.0
47121,3.0,0.0,0.0,0.0
47123,10.0,1.0,2.0,1.0
47125,113.0,2.0,25.0,0.0
47127,2.0,0.0,,
47129,5.0,0.0,0.0,0.0
47131,9.0,1.0,2.0,0.0
47133,7.0,0.0,2.0,0.0
47135,6.0,0.0,3.0,0.0
47137,,,,
47139,5.0,0.0,1.0,0.0
47141,95.0,2.0,10.0,2.0
47143,1.0,0.0,,
47145,8.0,0.0,3.0,0.0
47147,105.0,0.0,24.0,0.0
47149,302.0,6.0,67.0,0.0
47151,11.0,0.0,3.0,0.0
47153,3.0,0.0,2.0,0.0
47155,24.0,1.0,3.0,1.0
47157,1730.0,35.0,514.0,9.0
47159,12.0,1.0,5.0,1.0
47161,5.0,0.0,1.0,0.0
47163,45.0,1.0,8.0,0.0
47165,503.0,30.0,68.0,8.0
47167,57.0,0.0,13.0,0.0
47169,20.0,1.0,3.0,0.0
47171,1.0,0.0,0.0,0.0
47173,3.0,0.0,0.0,0.0
47175,1.0,0.0,,
47177,4.0,0.0,0.0,0.0
47179,46.0,0.0,9.0,0.0
47181,2.0,0.0,0.0,0.0
47183,6.0,0.0,1.0,0.0
47185,4.0,0.0,1.0,0.0
47187,342.0,6.0,30.0,2.0
47189,173.0,1.0,38.0,0.0
48001,6.0,0.0,3.0,0.0
48003,19.0,0.0,8.0,0.0
48005,23.0,0.0,7.0,0.0
48007,2.0,0.0,0.0,0.0
48009,,,,
48011,1.0,0.0,,
48013,10.0,1.0,1.0,1.0
48015,12.0,0.0,2.0,0.0
48017,,,,
48019,4.0,0.0,2.0,0.0
48021,44.0,2.0,17.0,1.0
48023,,,,
48025,5.0,0.0,3.0,0.0
48027,126.0,3.0,25.0,0.0
48029,1003.0,38.0,269.0,11.0
48031,4.0,0.0,0.0,0.0
48033,,,,
48035,1.0,0.0,,
48037,76.0,5.0,41.0,0.0
48039,304.0,3.0,79.0,1.0
48041,169.0,16.0,29.0,5.0
48043,,,,
48045,,,,
48047,,,,
48049,12.0,1.0,2.0,1.0
48051,8.0,0.0,2.0,0.0
48053,8.0,0.0,2.0,0.0
48055,7.0,0.0,1.0,0.0
48057,21.0,0.0,6.0,0.0
48059,1.0,0.0,0.0,0.0
48061,298.0,6.0,103.0,3.0
48063,6.0,0.0,3.0,0.0
48065,1.0,0.0,,
48067,10.0,2.0,5.0,0.0
48069,11.0,1.0,0.0,0.0
48071,35.0,0.0,6.0,0.0
48073,8.0,1.0,2.0,1.0
48075,,,,
48077,3.0,0.0,0.0,0.0
48079,,,,
48081,,,,
48083,,,,
48085,522.0,13.0,81.0,6.0
48087,,,,
48089,8.0,0.0,1.0,0.0
48091,43.0,6.0,6.0,2.0
48093,3.0,0.0,0.0,0.0
48095,1.0,0.0,0.0,0.0
48097,3.0,0.0,2.0,0.0
48099,75.0,1.0,41.0,1.0
48101,,,,
48103,2.0,0.0,0.0,0.0
48105,,,,
48107,1.0,1.0,0.0,1.0
48109,,,,
48111,3.0,0.0,2.0,0.0
48113,2324.0,60.0,601.0,29.0
48115,12.0,1.0,6.0,0.0
48117,11.0,0.0,4.0,0.0
48119,1.0,0.0,0.0,0.0
48121,592.0,16.0,110.0,3.0
48123,13.0,0.0,4.0,0.0
48125,1.0,0.0,-1.0,0.0
48127,1.0,0.0,0.0,0.0
48129,23.0,0.0,0.0,0.0
48131,1.0,0.0,,
48133,3.0,0.0,0.0,0.0
48135,58.0,4.0,15.0,2.0
48137,,,,
48139,94.0,3.0,23.0,1.0
48141,505.0,8.0,236.0,6.0
48143,12.0,1.0,0.0,0.0
48145,1.0,0.0,0.0,0.0
48147,7.0,0.0,2.0,0.0
48149,15.0,0.0,-2.0,0.0
48151,,,,
48153,2.0,0.0,1.0,0.0
48155,,,,
48157,755.0,17.0,219.0,6.0
48159,1.0,0.0,0.0,0.0
48161,3.0,0.0,,
48163,1.0,0.0,0.0,0.0
48165,2.0,0.0,1.0,0.0
48167,450.0,15.0,95.0,7.0
48169,,,,
48171,2.0,0.0,0.0,0.0
48173,,,,
48175,5.0,0.0,1.0,0.0
48177,2.0,0.0,0.0,0.0
48179,19.0,0.0,6.0,0.0
48181,19.0,0.0,2.0,0.0
48183,50.0,0.0,11.0,0.0
48185,10.0,1.0,3.0,1.0
48187,53.0,0.0,4.0,0.0
48189,11.0,2.0,0.0,0.0
48191,,,,
48193,5.0,0.0,3.0,0.0
48195,1.0,0.0,0.0,0.0
48197,,,,
48199,80.0,2.0,19.0,0.0
48201,4653.0,71.0,1024.0,27.0
48203,42.0,2.0,26.0,1.0
48205,,,,
48207,,,,
48209,125.0,1.0,36.0,1.0
48211,1.0,0.0,0.0,0.0
48213,13.0,0.0,3.0,0.0
48215,255.0,3.0,67.0,2.0
48217,10.0,1.0,2.0,1.0
48219,15.0,1.0,1.0,0.0
48221,17.0,3.0,1.0,2.0
48223,4.0,0.0,0.0,0.0
48225,,,,
48227,1.0,1.0,0.0,0.0
48229,,,,
48231,25.0,2.0,7.0,2.0
48233,7.0,0.0,5.0,0.0
48235,,,,
48237,4.0,0.0,3.0,0.0
48239,4.0,0.0,0.0,0.0
48241,7.0,1.0,0.0,0.0
48243,,,,
48245,167.0,9.0,67.0,4.0
48247,,,,
48249,2.0,0.0,0.0,0.0
48251,44.0,1.0,12.0,1.0
48253,3.0,0.0,1.0,0.0
48255,3.0,0.0,1.0,0.0
48257,42.0,0.0,16.0,0.0
48259,14.0,0.0,3.0,0.0
48261,,,,
48263,,,,
48265,4.0,0.0,2.0,0.0
48267,,,,
48269,,,,
48271,,,,
48273,5.0,1.0,3.0,1.0
48275,1.0,0.0,0.0,0.0
48277,8.0,0.0,0.0,0.0
48279,2.0,0.0,1.0,0.0
48281,3.0,0.0,0.0,0.0
48283,1.0,0.0,,
48285,4.0,0.0,0.0,0.0
48287,2.0,0.0,0.0,0.0
48289,5.0,0.0,2.0,0.0
48291,29.0,0.0,10.0,0.0
48293,11.0,1.0,0.0,0.0
48295,,,,
48297,3.0,0.0,0.0,0.0
48299,3.0,0.0,0.0,0.0
48301,,,,
48303,419.0,28.0,149.0,14.0
48305,5.0,0.0,0.0,0.0
48307,3.0,0.0,0.0,0.0
48309,76.0,4.0,5.0,2.0
48311,,,,
48313,2.0,0.0,1.0,0.0
48315,3.0,0.0,,
48317,2.0,0.0,0.0,0.0
48319,1.0,0.0,0.0,0.0
48321,51.0,3.0,2.0,0.0
48323,12.0,0.0,3.0,0.0
48325,15.0,2.0,2.0,1.0
48327,,,,
48329,42.0,3.0,10.0,1.0
48331,9.0,0.0,2.0,0.0
48333,,,,
48335,1.0,0.0,0.0,0.0
48337,5.0,0.0,3.0,0.0
48339,377.0,7.0,126.0,2.0
48341,99.0,0.0,77.0,0.0
48343,4.0,0.0,1.0,0.0
48345,1.0,0.0,,
48347,88.0,6.0,41.0,4.0
48349,20.0,2.0,8.0,0.0
48351,2.0,0.0,0.0,0.0
48353,,,,
48355,90.0,0.0,14.0,0.0
48357,,,,
48359,3.0,1.0,0.0,0.0
48361,48.0,0.0,4.0,0.0
48363,6.0,1.0,2.0,0.0
48365,37.0,1.0,27.0,0.0
48367,21.0,0.0,8.0,0.0
48369,,,,
48371,5.0,0.0,4.0,0.0
48373,14.0,0.0,5.0,0.0
48375,110.0,2.0,40.0,0.0
48377,,,,
48379,2.0,0.0,1.0,0.0
48381,97.0,3.0,33.0,1.0
48383,,,,
48385,,,,
48387,1.0,0.0,,
48389,,,,
48391,,,,
48393,2.0,0.0,,
48395,2.0,0.0,0.0,0.0
48397,34.0,0.0,10.0,0.0
48399,,,,
48401,27.0,1.0,11.0,1.0
48403,1.0,0.0,0.0,0.0
48405,14.0,1.0,5.0,0.0
48407,10.0,0.0,5.0,0.0
48409,8.0,0.0,1.0,0.0
48411,,,,
48413,,,,
48415,2.0,0.0,0.0,0.0
48417,,,,
48419,60.0,0.0,26.0,0.0
48421,7.0,0.0,,
48423,121.0,2.0,25.0,0.0
48425,,,,
48427,7.0,0.0,0.0,0.0
48429,1.0,0.0,0.0,0.0
48431,,,,
48433,,,,
48435,,,,
48437,4.0,0.0,0.0,0.0
48439,1229.0,38.0,423.0,13.0
48441,142.0,2.0,83.0,1.0
48443,,,,
48445,10.0,0.0,4.0,0.0
48447,,,,
48449,8.0,0.0,2.0,0.0
48451,41.0,1.0,6.0,0.0
48453,1092.0,23.0,318.0,14.0
48455,7.0,0.0,4.0,0.0
48457,5.0,0.0,1.0,0.0
48459,9.0,0.0,1.0,0.0
48461,,,,
48463,7.0,0.0,0.0,0.0
48465,12.0,0.0,0.0,0.0
48467,12.0,1.0,2.0,0.0
48469,89.0,1.0,12.0,1.0
48471,68.0,0.0,50.0,0.0
48473,22.0,0.0,7.0,0.0
48475,,,,
48477,50.0,4.0,13.0,2.0
48479,267.0,11.0,76.0,5.0
48481,35.0,0.0,7.0,0.0
48483,,,,
48485,59.0,2.0,3.0,2.0
48487,1.0,0.0,,
48489,8.0,1.0,3.0,0.0
48491,151.0,4.0,34.0,0.0
48493,19.0,1.0,8.0,1.0
48495,3.0,0.0,2.0,0.0
48497,9.0,2.0,4.0,2.0
48499,6.0,0.0,1.0,0.0
48501,1.0,0.0,,
48503,4.0,1.0,1.0,1.0
48505,6.0,0.0,3.0,0.0
48507,1.0,0.0,,
49001,,,,
49003,16.0,0.0,4.0,0.0
49005,40.0,0.0,7.0,0.0
49007,3.0,0.0,1.0,0.0
49009,,,,
49011,230.0,2.0,31.0,0.0
49013,4.0,0.0,1.0,0.0
49015,4.0,0.0,2.0,0.0
49017,1.0,0.0,0.0,0.0
49019,1.0,0.0,0.0,0.0
49021,17.0,0.0,4.0,0.0
49023,2.0,0.0,0.0,0.0
49025,3.0,0.0,0.0,0.0
49027,5.0,0.0,1.0,0.0
49029,7.0,0.0,0.0,0.0
49031,,,,
49033,,,,
49035,1547.0,13.0,421.0,6.0
49037,18.0,2.0,10.0,2.0
49039,3.0,0.0,,
49041,5.0,0.0,,
49043,316.0,0.0,12.0,0.0
49045,39.0,0.0,6.0,0.0
49047,6.0,0.0,1.0,0.0
49049,417.0,5.0,104.0,5.0
49051,109.0,1.0,6.0,0.0
49053,44.0,0.0,8.0,0.0
49055,,,,
49057,105.0,1.0,18.0,0.0
50001,61.0,2.0,6.0,1.0
50003,37.0,1.0,6.0,0.0
50005,10.0,0.0,2.0,0.0
50007,384.0,23.0,20.0,6.0
50009,1.0,0.0,0.0,0.0
50011,90.0,3.0,9.0,0.0
50013,3.0,0.0,0.0,0.0
50015,23.0,2.0,2.0,0.0
50017,5.0,0.0,0.0,0.0
50019,9.0,0.0,1.0,0.0
50021,42.0,1.0,6.0,1.0
50023,31.0,1.0,3.0,1.0
50025,63.0,2.0,9.0,1.0
50027,34.0,2.0,9.0,0.0
51001,33.0,0.0,18.0,0.0
51003,56.0,0.0,10.0,0.0
51005,4.0,0.0,0.0,0.0
51007,13.0,0.0,4.0,0.0
51009,10.0,0.0,0.0,0.0
51011,7.0,0.0,0.0,0.0
51013,520.0,12.0,154.0,10.0
51015,22.0,0.0,5.0,0.0
51017,,,,
51019,17.0,0.0,2.0,0.0
51021,,,,
51023,23.0,0.0,0.0,0.0
51025,12.0,0.0,9.0,0.0
51027,12.0,0.0,10.0,0.0
51029,25.0,0.0,11.0,0.0
51031,9.0,0.0,0.0,0.0
51033,13.0,0.0,7.0,0.0
51035,3.0,0.0,0.0,0.0
51036,11.0,0.0,2.0,0.0
51037,8.0,0.0,4.0,0.0
51041,310.0,5.0,101.0,5.0
51043,6.0,0.0,3.0,0.0
51045,2.0,0.0,0.0,0.0
51047,39.0,0.0,20.0,0.0
51049,10.0,0.0,2.0,0.0
51051,,,,
51053,7.0,0.0,1.0,0.0
51057,2.0,0.0,,
51059,1633.0,37.0,625.0,21.0
51061,36.0,0.0,11.0,0.0
51063,1.0,0.0,0.0,0.0
51065,66.0,0.0,45.0,0.0
51067,15.0,0.0,1.0,0.0
51069,81.0,0.0,16.0,0.0
51071,4.0,0.0,1.0,0.0
51073,21.0,0.0,1.0,0.0
51075,55.0,1.0,23.0,1.0
51077,,,,
51079,8.0,0.0,4.0,0.0
51081,18.0,0.0,10.0,0.0
51083,8.0,0.0,1.0,0.0
51085,79.0,0.0,41.0,0.0
51087,559.0,45.0,180.0,10.0
51089,10.0,0.0,2.0,0.0
51091,,,,
51093,83.0,0.0,52.0,0.0
51095,139.0,3.0,13.0,0.0
51097,2.0,0.0,0.0,0.0
51099,18.0,0.0,4.0,0.0
51101,2.0,0.0,0.0,0.0
51103,1.0,0.0,0.0,0.0
51105,7.0,0.0,1.0,0.0
51107,413.0,5.0,104.0,5.0
51109,33.0,0.0,8.0,0.0
51111,3.0,0.0,0.0,0.0
51113,8.0,0.0,2.0,0.0
51115,3.0,0.0,1.0,0.0
51117,64.0,0.0,9.0,0.0
51119,3.0,0.0,0.0,0.0
51121,42.0,0.0,10.0,0.0
51125,5.0,0.0,0.0,0.0
51127,17.0,0.0,5.0,0.0
51131,5.0,0.0,1.0,0.0
51133,5.0,0.0,1.0,0.0
51135,6.0,0.0,1.0,0.0
51137,20.0,0.0,7.0,0.0
51139,13.0,0.0,7.0,0.0
51141,,,,
51143,6.0,0.0,2.0,0.0
51145,9.0,0.0,4.0,0.0
51147,17.0,1.0,8.0,0.0
51149,28.0,0.0,2.0,0.0
51153,700.0,1.0,311.0,0.0
51155,8.0,0.0,4.0,0.0
51157,1.0,0.0,0.0,0.0
51159,8.0,0.0,3.0,0.0
51161,20.0,0.0,6.0,0.0
51163,5.0,0.0,2.0,0.0
51165,100.0,0.0,57.0,0.0
51167,2.0,0.0,1.0,0.0
51169,4.0,0.0,1.0,0.0
51171,39.0,1.0,22.0,0.0
51173,12.0,0.0,3.0,0.0
51175,9.0,0.0,4.0,0.0
51177,72.0,0.0,22.0,0.0
51179,143.0,1.0,71.0,0.0
51181,3.0,0.0,0.0,0.0
51183,11.0,0.0,3.0,0.0
51185,4.0,0.0,0.0,0.0
51187,24.0,0.0,9.0,0.0
51191,27.0,0.0,3.0,0.0
51193,10.0,0.0,2.0,0.0
51195,18.0,1.0,10.0,0.0
51197,8.0,0.0,1.0,0.0
51199,38.0,1.0,9.0,0.0
51510,354.0,6.0,156.0,5.0
51515,,,,
51520,1.0,0.0,0.0,0.0
51530,5.0,0.0,1.0,0.0
51540,41.0,1.0,10.0,0.0
51550,154.0,3.0,33.0,2.0
51570,23.0,0.0,17.0,0.0
51580,1.0,0.0,0.0,0.0
51590,24.0,0.0,4.0,0.0
51595,7.0,0.0,0.0,0.0
51600,3.0,0.0,2.0,0.0
51610,2.0,0.0,,
51620,12.0,0.0,6.0,0.0
51630,15.0,0.0,3.0,0.0
51640,1.0,0.0,0.0,0.0
51650,79.0,1.0,14.0,0.0
51660,233.0,0.0,152.0,0.0
51670,16.0,0.0,2.0,0.0
51678,3.0,0.0,0.0,0.0
51680,38.0,0.0,7.0,0.0
51683,82.0,0.0,48.0,0.0
51685,21.0,0.0,11.0,0.0
51690,,,,
51700,102.0,1.0,24.0,0.0
51710,109.0,1.0,19.0,0.0
51720,,,,
51730,21.0,0.0,4.0,0.0
51735,6.0,0.0,0.0,0.0
51740,65.0,4.0,14.0,3.0
51750,1.0,0.0,0.0,0.0
51760,211.0,7.0,57.0,5.0
51770,24.0,0.0,4.0,0.0
51775,6.0,0.0,5.0,0.0
51790,5.0,0.0,4.0,0.0
51800,81.0,0.0,33.0,0.0
51810,271.0,5.0,28.0,4.0
51820,7.0,0.0,2.0,0.0
51830,19.0,1.0,2.0,0.0
51840,25.0,0.0,6.0,0.0
53001,40.0,0.0,3.0,0.0
53003,12.0,0.0,7.0,0.0
53005,306.0,34.0,56.0,6.0
53007,68.0,6.0,13.0,0.0
53009,14.0,0.0,2.0,0.0
53011,277.0,16.0,57.0,2.0
53013,1.0,0.0,0.0,0.0
53015,29.0,0.0,6.0,0.0
53017,31.0,1.0,13.0,1.0
53019,1.0,0.0,0.0,0.0
53021,177.0,4.0,57.0,2.0
53023,,,,
53025,140.0,1.0,21.0,-1.0
53027,12.0,0.0,1.0,0.0
53029,166.0,8.0,8.0,1.0
53031,29.0,0.0,1.0,0.0
53033,5065.0,342.0,637.0,48.0
53035,136.0,1.0,4.0,0.0
53037,14.0,0.0,-1.0,0.0
53039,16.0,3.0,2.0,2.0
53041,21.0,2.0,3.0,0.0
53043,2.0,0.0,0.0,0.0
53045,22.0,0.0,3.0,0.0
53047,14.0,0.0,0.0,0.0
53049,1.0,0.0,0.0,0.0
53051,2.0,0.0,1.0,0.0
53053,1149.0,32.0,212.0,12.0
53055,15.0,0.0,2.0,0.0
53057,230.0,7.0,39.0,1.0
53059,3.0,0.0,0.0,0.0
53061,2092.0,92.0,226.0,23.0
53063,306.0,17.0,28.0,3.0
53065,8.0,1.0,1.0,1.0
53067,93.0,1.0,12.0,0.0
53069,2.0,0.0,0.0,0.0
53071,28.0,0.0,7.0,0.0
53073,273.0,26.0,10.0,3.0
53075,15.0,0.0,2.0,0.0
53077,759.0,35.0,224.0,14.0
54001,4.0,0.0,-4.0,0.0
54003,107.0,1.0,15.0,1.0
54005,2.0,0.0,1.0,0.0
54007,1.0,0.0,0.0,0.0
54009,3.0,0.0,0.0,0.0
54011,30.0,0.0,7.0,0.0
54013,,,,
54015,,,,
54017,,,,
54019,4.0,0.0,2.0,0.0
54021,,,,
54023,1.0,0.0,0.0,0.0
54025,3.0,0.0,0.0,0.0
54027,6.0,0.0,2.0,0.0
54029,7.0,0.0,0.0,0.0
54031,3.0,0.0,1.0,0.0
54033,29.0,1.0,1.0,0.0
54035,70.0,3.0,43.0,2.0
54037,60.0,0.0,11.0,0.0
54039,111.0,0.0,25.0,0.0
54041,2.0,0.0,0.0,0.0
54043,1.0,0.0,,
54045,8.0,1.0,0.0,0.0
54047,6.0,0.0,1.0,0.0
54049,42.0,2.0,8.0,1.0
54051,8.0,0.0,2.0,0.0
54053,11.0,0.0,3.0,0.0
54055,8.0,0.0,0.0,0.0
54057,8.0,0.0,4.0,0.0
54059,2.0,1.0,1.0,1.0
54061,84.0,4.0,1.0,0.0
54063,4.0,0.0,3.0,0.0
54065,8.0,0.0,2.0,0.0
54067,3.0,0.0,1.0,0.0
54069,22.0,1.0,-3.0,1.0
54071,2.0,0.0,1.0,0.0
54073,1.0,0.0,0.0,0.0
54075,,,,
54077,10.0,0.0,4.0,0.0
54079,14.0,0.0,3.0,0.0
54081,7.0,0.0,2.0,0.0
54083,4.0,0.0,0.0,0.0
54085,,,,
54087,2.0,0.0,0.0,0.0
54089,1.0,0.0,0.0,0.0
54091,5.0,0.0,2.0,0.0
54093,4.0,0.0,0.0,0.0
54095,3.0,0.0,0.0,0.0
54097,4.0,0.0,1.0,0.0
54099,75.0,3.0,58.0,3.0
54101,,,,
54103,3.0,0.0,0.0,0.0
54105,2.0,0.0,0.0,0.0
54107,29.0,1.0,11.0,1.0
54109,1.0,0.0,0.0,0.0
55001,4.0,1.0,2.0,1.0
55003,2.0,0.0,0.0,0.0
55005,6.0,0.0,0.0,0.0
55007,3.0,1.0,0.0,1.0
55009,204.0,1.0,136.0,0.0
55011,4.0,1.0,1.0,0.0
55013,,,,
55015,5.0,0.0,1.0,0.0
55017,21.0,0.0,1.0,0.0
55019,14.0,0.0,6.0,0.0
55021,27.0,1.0,3.0,0.0
55023,3.0,0.0,0.0,0.0
55025,358.0,17.0,24.0,5.0
55027,19.0,1.0,0.0,1.0
55029,9.0,1.0,0.0,1.0
55031,8.0,0.0,1.0,0.0
55033,9.0,0.0,0.0,0.0
55035,22.0,0.0,1.0,0.0
55037,2.0,0.0,0.0,0.0
55039,62.0,3.0,8.0,1.0
55041,,,,
55043,15.0,2.0,9.0,1.0
55045,9.0,0.0,0.0,0.0
55047,1.0,0.0,,
55049,6.0,0.0,1.0,0.0
55051,2.0,1.0,0.0,0.0
55053,11.0,1.0,1.0,1.0
55055,27.0,0.0,4.0,0.0
55057,10.0,1.0,4.0,0.0
55059,236.0,5.0,63.0,3.0
55061,8.0,1.0,5.0,1.0
55063,25.0,0.0,0.0,0.0
55065,3.0,0.0,0.0,0.0
55067,,,,
55069,,,,
55071,6.0,0.0,3.0,0.0
55073,17.0,1.0,4.0,0.0
55075,5.0,1.0,2.0,1.0
55077,3.0,1.0,1.0,1.0
55078,1.0,0.0,0.0,0.0
55079,2065.0,122.0,355.0,34.0
55081,13.0,0.0,5.0,0.0
55083,4.0,0.0,1.0,0.0
55085,6.0,0.0,0.0,0.0
55087,33.0,2.0,4.0,0.0
55089,79.0,9.0,7.0,0.0
55091,,,,
55093,7.0,0.0,0.0,0.0
55095,4.0,0.0,1.0,0.0
55097,4.0,0.0,0.0,0.0
55099,1.0,0.0,0.0,0.0
55101,164.0,8.0,47.0,4.0
55103,8.0,1.0,3.0,1.0
55105,68.0,4.0,12.0,1.0
55107,4.0,0.0,1.0,0.0
55109,11.0,0.0,2.0,0.0
55111,32.0,3.0,6.0,1.0
55113,2.0,0.0,1.0,0.0
55115,6.0,0.0,1.0,0.0
55117,39.0,2.0,5.0,0.0
55119,,,,
55121,1.0,0.0,0.0,0.0
55123,,,,
55125,4.0,0.0,0.0,0.0
55127,89.0,4.0,52.0,4.0
55129,1.0,0.0,,
55131,82.0,3.0,11.0,0.0
55133,259.0,11.0,50.0,4.0
55135,4.0,1.0,0.0,0.0
55137,2.0,0.0,0.0,0.0
55139,38.0,1.0,11.0,0.0
55141,2.0,0.0,0.0,0.0
56001,6.0,0.0,1.0,0.0
56003,1.0,0.0,0.0,0.0
56005,13.0,0.0,2.0,0.0
56007,4.0,0.0,0.0,0.0
56009,8.0,0.0,0.0,0.0
56011,4.0,0.0,1.0,0.0
56013,47.0,0.0,7.0,0.0
56015,3.0,0.0,0.0,0.0
56017,2.0,0.0,0.0,0.0
56019,11.0,1.0,0.0,1.0
56021,70.0,1.0,12.0,1.0
56023,5.0,0.0,0.0,0.0
56025,38.0,0.0,5.0,0.0
56027,1.0,0.0,0.0,0.0
56029,1.0,0.0,0.0,0.0
56031,,,,
56033,12.0,0.0,0.0,0.0
56035,1.0,0.0,0.0,0.0
56037,10.0,0.0,3.0,0.0
56039,62.0,0.0,6.0,0.0
56041,6.0,0.0,2.0,0.0
56043,4.0,0.0,0.0,0.0
56045,,,,
